city,population,lat,lon,region_name,region_name_ao,region_iso_code,federal_district,okato,oktmo,kladr_id,fias_id,place_id,cluster
Архангельск,347.0,64.5394289,40.5169606,Архангельская область,,RU-ARK,Северо-Западный,11401000000,11701000001,2900000100000,06814fb6-0dc3-4bec-ba20-11f894a0faf5,323635764.0,1
Вельск,22.3,61.066,42.1032789,Архангельская область,,RU-ARK,Северо-Западный,11205501000,11605101001,2900200100000,71051070-fce3-4a4d-a9d9-cd50f6dc6310,302056655.0,1
Каргополь,10.0,61.5009724,38.9636966,Архангельская область,,RU-ARK,Северо-Западный,11218501000,11518000001,2900600100000,a670f317-f3c4-4dd6-9d27-fa68a8b28b6f,257032146.0,1
Котлас,62.0,61.2528972,46.633242,Архангельская область,,RU-ARK,Северо-Западный,11410000000,11710000001,2900800100000,93adb246-540e-40a2-a0fd-e96ca6796589,258020891.0,1
Мезень,3.2,65.8398078,44.2532273,Архангельская область,,RU-ARK,Северо-Западный,11242501000,11642101001,2901200100000,8a49f67f-6c48-4160-bd1d-ebc188a69269,110426191.0,1
Мирный,32.9,62.7645265,40.3360076,Архангельская область,,RU-ARK,Северо-Западный,11525000000,11725000001,2900000200000,977c7606-1b37-4424-84f7-b0c66c3e4b94,113607762.0,1
Новодвинск,37.7,64.4136851,40.8208143,Архангельская область,,RU-ARK,Северо-Западный,11415000000,11715000001,2900000300000,3b0ef6c2-9bcd-44a5-afec-2723bd8190bc,258729510.0,1
Няндома,19.1,61.6654674,40.2062947,Архангельская область,,RU-ARK,Северо-Западный,11244501000,11644101001,2901300100000,491b0861-0da5-4781-9c2c-521df0ea7af6,258059034.0,1
Онега,18.5,63.9162928,38.0805031,Архангельская область,,RU-ARK,Северо-Западный,11420000000,11646101001,2901400100000,53e6ddd5-a1fb-4444-89a4-3952ef6f114b,258906763.0,1
Северодвинск,182.0,64.5625385,39.8180934,Архангельская область,,RU-ARK,Северо-Западный,11430000000,11730000001,2900000400000,32747c72-c08b-4440-b340-91f48d72f9db,257017710.0,1
Шенкурск,4.7,62.1057272,42.8996973,Архангельская область,,RU-ARK,Северо-Западный,11258501000,11658101001,2901900100000,74a26d75-38a6-485a-9468-52dd7c6711fa,259313737.0,1
Астрахань,529.8,46.3655652,48.0559236,Астраханская область,,RU-AST,Южный,12401000000,12701000001,3000000100000,a101dd8b-3aee-4bda-9c61-9df106f145ff,258305988.0,1
Ахтубинск,36.5,48.2752034,46.1906462,Астраханская область,,RU-AST,Южный,12205501000,12605101001,3000200100000,8d7acd62-cef4-4d5c-8057-644ee454ce6c,106474151.0,1
Знаменск,26.7,48.5866291,45.7368019,Астраханская область,,RU-AST,Южный,12519000000,12719000001,3000000200000,54ecd5a8-83d9-4a85-ae2c-6fe6976ab716,258963212.0,1
Камызяк,15.7,46.110579,48.07333,Астраханская область,,RU-AST,Южный,12225501000,12625101001,3000600100000,bc643e13-dcc5-4fa4-8cb1-94f71c5c18f4,258785247.0,1
Нариманов,10.8,46.6916565,47.8502476,Астраханская область,,RU-AST,Южный,12240501000,12640101001,3000900100000,46ce55dd-e3e2-4c31-ab3c-273423c2f782,259094455.0,1
Харабали,17.5,47.408999,47.2525345,Астраханская область,,RU-AST,Южный,12245501000,12645101001,3001100100000,08373220-e187-4094-82de-b8e0864c5f38,105980347.0,1
Алексеевка,37.8,50.6299647,38.6880342,Белгородская область,,RU-BEL,Центральный,14410000000,14710000001,3100200100000,94969f84-fff4-4ddf-9677-b912b4b2aa3e,118826913.0,1
Белгород,394.1,50.5976472,36.5856652,Белгородская область,,RU-BEL,Центральный,14401000000,14701000001,3100000100000,02e9c019-ab4d-4fa0-928e-d6c0a41dc256,259323752.0,1
Бирюч,7.5,50.6484585,38.4005083,Белгородская область,,RU-BEL,Центральный,14242501000,14642151001,3101200100000,eaaf5809-d1e2-4d93-8f05-85dd598cc403,115444238.0,1
Валуйки,34.2,50.2111207,38.0998772,Белгородская область,,RU-BEL,Центральный,14420000000,14720000001,3100400100000,fe7eea4a-875a-4235-aa61-81c2a37a0440,258688680.0,1
Грайворон,6.5,50.4862958,35.6663877,Белгородская область,,RU-BEL,Центральный,14232501000,14725000001,3100700100000,51c31ef5-10b3-4011-8e1c-7e7d452afd1b,259522900.0,1
Губкин,86.2,51.2837123,37.5347759,Белгородская область,,RU-BEL,Центральный,14430000000,14730000001,3100000400000,98b1ec30-6107-4f99-ae3a-9d82492f30a1,322027495.0,1
Короча,5.8,50.8129041,37.1896436,Белгородская область,,RU-BEL,Центральный,14240501000,14640101001,3101000100000,76fecead-fc02-459a-bce4-848698e645fe,258973834.0,1
Новый Оскол,18.5,50.7633747,37.8775484,Белгородская область,,RU-BEL,Центральный,14244501000,14735000001,3101400100000,f565b329-4041-4fd2-aa0a-debd5f7c3857,259102554.0,1
Старый Оскол,223.9,51.2967101,37.8350182,Белгородская область,,RU-BEL,Центральный,14440000000,14740000001,3100000200000,9f5e86b1-b893-43dc-9dd4-ac66573b17d1,258903626.0,1
Строитель,24.1,50.7845099,36.4887648,Белгородская область,,RU-BEL,Центральный,14258501000,14755000001,3102100100000,19c9f6de-45cd-4c76-9839-abd571698ced,258810620.0,1
Шебекино,40.9,50.4004883,36.8877889,Белгородская область,,RU-BEL,Центральный,14450000000,14750000001,3100000300000,dc80ddf0-b1ac-4344-98e8-fcfa5295a0a3,259058085.0,1
Брянск,402.7,53.2419535,34.3652146,Брянская область,,RU-BRY,Центральный,15401000000,15701000001,3200000100000,414b71cf-921e-4bfc-b6e0-f7395d16aaef,257182408.0,1
Дятьково,26.2,53.5958178,34.3551812,Брянская область,,RU-BRY,Центральный,15216501000,15616104001,3200600100000,fd37b6f0-2406-41ca-86bc-57dd58fd71f4,259573967.0,1
Жуковка,16.4,53.5340397,33.7302579,Брянская область,,RU-BRY,Центральный,15222501000,15502000001,3200800100000,bd51e883-748a-4c55-ac0a-eee31be1433e,258810296.0,1
Злынка,5.3,52.4267015,31.7360399,Брянская область,,RU-BRY,Центральный,15223501000,15623101001,3200900100000,9491aba8-fbc1-4da8-8ede-8d49690c393a,99421184.0,1
Карачев,17.2,53.1296524,34.9888727,Брянская область,,RU-BRY,Центральный,15224501000,15624101001,3201000100000,6f39b866-1fed-4add-aa00-e76992516660,259820477.0,1
Клинцы,63.0,52.7529119,32.233911,Брянская область,,RU-BRY,Центральный,15415000000,15715000001,3200000300000,59cb1f1f-16f9-47eb-9487-14a6c00e8621,259027886.0,1
Мглин,7.1,53.0599771,32.8468129,Брянская область,,RU-BRY,Центральный,15236501000,15636101001,3201600100000,a4162075-13cb-4f4a-9974-ef042c8be149,259321750.0,1
Новозыбков,39.5,52.537173,31.9357991,Брянская область,,RU-BRY,Центральный,15420000000,15720000001,3200000400000,cf4dd9d7-d152-4140-bed2-59d8be5a4e2c,207613812.0,1
Почеп,16.4,52.9154851,33.4744058,Брянская область,,RU-BRY,Центральный,15244501000,15644101001,3202000100000,434c6101-648e-4266-8aca-bbbc80856d7a,259322007.0,1
Севск,6.6,52.1483358,34.4918415,Брянская область,,RU-BRY,Центральный,15248501000,15648101001,3202200100000,263c5f6f-335b-4cfa-a234-3c61488c3729,258964529.0,1
Сельцо,16.4,53.3739884,34.1059172,Брянская область,,RU-BRY,Центральный,15425000000,15725000001,3200000200000,485f4c4d-aced-4b94-b975-88e72b7dcb72,259076004.0,1
Стародуб,18.2,52.5852257,32.760403,Брянская область,,RU-BRY,Центральный,15250501000,15501000001,3200000600000,78e19000-cb0d-4e86-8205-242ee9de9e75,120840302.0,1
Сураж,10.7,53.0170888,32.3938878,Брянская область,,RU-BRY,Центральный,15254501000,15654101001,3202500100000,565317d8-daf3-4df1-bf3d-6703b0d1500f,259624742.0,1
Трубчевск,13.6,52.5791734,33.7660547,Брянская область,,RU-BRY,Центральный,15256501000,15656101001,3202600100000,7c080d22-1f3c-43b0-ba63-1e7de99724c9,259200374.0,1
Унеча,22.8,52.8461199,32.6757629,Брянская область,,RU-BRY,Центральный,15258501000,15658101001,3202700100000,6a2d5db9-1871-4f1d-b226-bbc6b8400a44,257219558.0,1
Фокино,12.8,53.4554145,34.4159238,Брянская область,,RU-BRY,Центральный,15216504000,15710000001,3200000500000,8d7c89e7-d9b9-4d7a-907c-a654b3a4d23d,259744391.0,1
Александров,57.9,56.391819,38.7111123,Владимирская область,,RU-VLA,Центральный,17205501000,17605101001,3300200100000,59e55956-69a2-432f-b880-74cf8ec0b9fe,257575588.0,1
Владимир,356.9,56.1280804,40.4084376,Владимирская область,,RU-VLA,Центральный,17401000000,17701000001,3300000100000,f66a00e6-179e-4de9-8ecb-78b0277c9f10,258734598.0,1
Вязники,34.5,56.29773,42.2687398,Владимирская область,,RU-VLA,Центральный,17210501000,17610101001,3300300100000,0114e0c6-4060-4473-bc44-779e5a85e9dd,103797718.0,1
Гороховец,12.6,56.2021036,42.6926111,Владимирская область,,RU-VLA,Центральный,17215501000,17615101001,3300400100000,e3bc9262-6bcf-42f8-a0bd-a8a00def58bc,258157610.0,1
Гусь-Хрустальный,52.8,55.6198751,40.6579929,Владимирская область,,RU-VLA,Центральный,17420000000,17720000001,3300000300000,aa4aa0d7-f97f-4974-9291-c0a530a1ccb6,258826476.0,1
Камешково,12.0,56.3490152,40.9955183,Владимирская область,,RU-VLA,Центральный,17225501000,17625101001,3300600100000,13cf312e-735f-4faa-8a7d-9a2622d50438,258149279.0,1
Карабаново,14.9,56.3131822,38.7034257,Владимирская область,,RU-VLA,Центральный,17205505000,17605105001,3300200200000,4f178a20-53a7-4032-b62b-7337315e0fc1,258749755.0,1
Киржач,26.7,56.1486863,38.8635701,Владимирская область,,RU-VLA,Центральный,17230501000,17630101001,3300700100000,115db243-1238-412f-a2a1-6d53ef30ba9e,259232208.0,1
Ковров,135.7,56.3554349,41.3170576,Владимирская область,,RU-VLA,Центральный,17425000000,17725000001,3300000400000,0b4978e2-e64c-4db1-b84d-93cf34bdb04b,258583963.0,1
Кольчугино,42.0,56.3327254,39.391336,Владимирская область,,RU-VLA,Центральный,17240501000,17640101001,3300900100000,8f9faad4-ff93-471d-b0c0-c8e5c0162dee,257232203.0,1
Костерево,8.1,55.9337222,39.6247398,Владимирская область,,RU-VLA,Центральный,17246510000,17646110001,3301200200000,50b6831d-52f4-4905-93d7-8e42812cd947,98090251.0,1
Курлово,5.8,55.452698,40.6124108,Владимирская область,,RU-VLA,Центральный,17220515000,17620115001,3300500200000,4f68f8c7-bf54-48a6-8165-0313d75a83c2,258801667.0,1
Лакинск,14.1,56.0180587,39.956551,Владимирская область,,RU-VLA,Центральный,17250503000,17650110001,3301400200000,67eb946d-db25-4ad2-9852-6436ed35b39e,259594499.0,1
Меленки,13.5,55.3387515,41.6340046,Владимирская область,,RU-VLA,Центральный,17242501000,17642101001,3301000100000,710f2d29-5c22-4d4d-be27-04713381c676,257175598.0,1
Муром,107.0,55.5630311,42.0231362,Владимирская область,,RU-VLA,Центральный,17435000000,17735000001,3300000500000,0d7d5d87-f0a6-428f-b655-d3be106c64a2,259275525.0,1
Петушки,12.5,55.9298134,39.4508075,Владимирская область,,RU-VLA,Центральный,17246501000,17646101001,3301200100000,b7ba6bfc-4b0c-4b05-88bd-267d50b36850,259014746.0,1
Покров,16.7,55.9166398,39.1734526,Владимирская область,,RU-VLA,Центральный,17246520000,17646120001,3301200300000,f1c2252b-c3da-43f4-86ea-5f05812e99d5,257196329.0,1
Радужный,18.3,55.9960277,40.3321855,Владимирская область,,RU-VLA,Центральный,17537000000,17737000001,3300000200000,c0ac6992-e48e-4648-b176-f56e7bcda57b,258750764.0,1
Собинка,17.3,55.9939169,40.0179653,Владимирская область,,RU-VLA,Центральный,17250501000,17650101001,3301400100000,d33946c4-bda9-43a5-b5c4-1157ae28149a,259718302.0,1
Струнино,12.9,56.3749967,38.5839667,Владимирская область,,RU-VLA,Центральный,17205508000,17605108001,3300200300000,9f490940-079f-4bf9-9931-48952c1bea4f,258662166.0,1
Судогда,10.1,55.9498056,40.8562939,Владимирская область,,RU-VLA,Центральный,17252501000,17652101001,3301500100000,469a6b26-cb42-4db7-8fe7-758b946956c4,259378284.0,1
Суздаль,9.6,56.4274441,40.4525692,Владимирская область,,RU-VLA,Центральный,17254501000,17654101001,3301600100000,f347f78e-f991-4b0b-bfbd-600ac927b009,258652737.0,1
Юрьев-Польский,18.1,56.4937757,39.6680539,Владимирская область,,RU-VLA,Центральный,17256501000,17656101001,3301700100000,4859c31b-fba4-460a-9543-befc791da8a9,115283540.0,1
Волгоград,1009.0,48.7070042,44.5170339,Волгоградская область,,RU-VGG,Южный,18401000000,18701000001,3400000100000,a52b7389-0cfe-46fb-ae15-298652a64cf8,259051115.0,1
Волжский,323.9,48.7978209,44.7462538,Волгоградская область,,RU-VGG,Южный,18410000000,18710000001,3400000200000,bc5ed788-84c8-493e-9598-7a15a9f1e4c1,259471499.0,1
Дубовка,13.7,49.0554742,44.8270085,Волгоградская область,,RU-VGG,Южный,18208501000,18608101001,3400600100000,66a2c07f-45b1-47d2-ab51-fa16288d07a6,124721596.0,1
Жирновск,15.5,50.9768814,44.7858202,Волгоградская область,,RU-VGG,Южный,18212501000,18612101001,3400800100000,1f9bda6f-45a5-4bf5-b1d8-434d763ea834,124876111.0,1
Калач-на-Дону,23.6,48.6889024,43.5306303,Волгоградская область,,RU-VGG,Южный,18216501000,18616101001,3401000100000,acc6220a-f624-4880-84d8-670319b0e25d,126130601.0,1
Камышин,109.9,50.0651529,45.3844202,Волгоградская область,,RU-VGG,Южный,18415000000,18715000001,3400000300000,0f9fb687-8d03-41a2-968f-033a2ba44f2f,259057040.0,1
Котельниково,20.4,47.6310259,43.1330872,Волгоградская область,,RU-VGG,Южный,18224501000,18624101001,3401400100000,ec52e094-acd0-49ab-bc84-9ce0aa80c7c0,126131017.0,1
Котово,21.4,50.3205766,44.8030699,Волгоградская область,,RU-VGG,Южный,18226501000,18626101001,3401500100000,6a9dded3-afcf-46ba-9881-5048c3bec5a3,258909710.0,1
Краснослободск,17.1,48.7068721,44.5630857,Волгоградская область,,RU-VGG,Южный,18251507000,18651107001,3402800200000,68e32d89-51bb-4030-b697-ceca53b9e740,259836972.0,1
Ленинск,14.4,48.6936061,45.1992692,Волгоградская область,,RU-VGG,Южный,18230501000,18630101001,3401700100000,bee1ee84-fdcf-45b2-8c87-7b015efc4332,258963480.0,1
Михайловка,57.4,50.0708719,43.2401512,Волгоградская область,,RU-VGG,Южный,18420000000,18720000001,3400000400000,f02dbf6d-57ad-49bc-8011-603bf7126bb5,258284884.0,1
Николаевск,13.4,50.0165306,45.4731658,Волгоградская область,,RU-VGG,Южный,18236501000,18636101001,3402000100000,8680a7a3-5c93-4c0d-ae64-d828306b2310,258452642.0,1
Новоаннинский,15.9,50.5296067,42.6666439,Волгоградская область,,RU-VGG,Южный,18238501000,18638101001,3402100100000,254f7c3a-fc21-4405-8779-eee0a7a5c63f,115481421.0,1
Палласовка,14.5,50.0500944,46.8804277,Волгоградская область,,RU-VGG,Южный,18245501000,18645101,3402400100000,e6891ad3-e99a-48fa-93e5-805da20e849c,258834480.0,1
Петров Вал,12.4,50.1380557,45.20914,Волгоградская область,,RU-VGG,Южный,18218503000,18618103001,3401100200000,02324444-36d6-4af8-a9af-15b77576adea,258830437.0,1
Серафимович,8.6,49.5663183,42.7360402,Волгоградская область,,RU-VGG,Южный,18250501000,18650101001,3402700100000,fb921dd7-0b8e-42a6-a5bb-3d1387f090d0,258709436.0,1
Суровикино,18.2,48.618917,42.8541163,Волгоградская область,,RU-VGG,Южный,18253501000,18653101001,3403000100000,b5bab4ba-e94f-4178-b6f7-67e01c89bec2,124012393.0,1
Урюпинск,36.7,50.7903789,42.0288513,Волгоградская область,,RU-VGG,Южный,18425000000,18725000001,3400000500000,2e5879fc-35c2-4354-816b-f1fce74ece87,258651261.0,1
Фролово,36.2,49.7649148,43.6648641,Волгоградская область,,RU-VGG,Южный,18428000000,18728000001,3400000600000,57e3991f-e685-4ba2-9cef-9988e6fa5862,257545101.0,1
Бабаево,11.4,59.3892583,35.9377058,Вологодская область,,RU-VLG,Северо-Западный,19205501000,19605101001,3500200100000,e61e9415-3cdc-4e44-9cdf-a98662bab04f,258828090.0,1
Белозерск,8.6,60.0308381,37.7890586,Вологодская область,,RU-VLG,Северо-Западный,19210501000,19610101001,3500400100000,9444e5a5-b164-42b8-b4ff-e3b4c157fc54,109926396.0,1
Великий Устюг,31.0,60.7603913,46.3054414,Вологодская область,,RU-VLG,Северо-Западный,19410000000,19614101001,3500600100000,9db452cb-452a-4373-9610-a265b3b55653,259377853.0,1
Вологда,310.3,59.2483905,39.8355662,Вологодская область,,RU-VLG,Северо-Западный,19401000000,19701000001,3500000100000,023484a5-f98d-4849-82e1-b7e0444b54ef,258910249.0,1
Вытегра,10.2,61.0063465,36.4495137,Вологодская область,,RU-VLG,Северо-Западный,19222501000,19622101001,3500900100000,f66fbc22-445e-42ab-8f53-3de507d877c9,257267362.0,1
Грязовец,14.8,58.8757553,40.2485362,Вологодская область,,RU-VLG,Северо-Западный,19224501000,19624101001,3501000100000,aeee36bc-969a-4cc6-9fb3-5e237e776068,258830228.0,1
Кадников,4.5,59.5037764,40.3441148,Вологодская область,,RU-VLG,Северо-Западный,19238504000,19638104001,3501700200000,eb52b8bf-131d-4250-9a09-c0d41a7d42ee,109318613.0,1
Кириллов,7.5,59.8591523,38.3748782,Вологодская область,,RU-VLG,Северо-Западный,19228501000,19628101001,3501200100000,bfe722ba-8bfd-4dbd-acc5-73da667a0f95,259084669.0,1
Красавино,5.9,60.9612823,46.4814116,Вологодская область,,RU-VLG,Северо-Западный,19410501000,19614105001,3500600200000,78a546b6-196d-407f-a082-e7e85ff4acad,99103260.0,1
Никольск,7.9,59.5351837,45.4576137,Вологодская область,,RU-VLG,Северо-Западный,19234501000,19634101001,3501500100000,9b602724-8b73-4979-ae01-3ba8a22c93f2,259335064.0,1
Сокол,36.4,59.4758605,40.1114187,Вологодская область,,RU-VLG,Северо-Западный,19420000000,19638101001,3501700100000,500b9e8f-79cc-4c35-b497-110f550d6615,108332603.0,1
Тотьма,9.7,59.9734998,42.7589506,Вологодская область,,RU-VLG,Северо-Западный,19246501000,19646101001,3502000100000,3a0d6df8-c23f-4435-83bb-9f97dd2e3343,259707583.0,1
Устюжна,8.4,58.8383117,36.4425478,Вологодская область,,RU-VLG,Северо-Западный,19250501000,19650101001,3502200100000,3c2ceeea-04a9-4171-b4dd-341620290258,257960296.0,1
Харовск,8.8,59.9479423,40.2000298,Вологодская область,,RU-VLG,Северо-Западный,19252501000,19652101001,3502300100000,e5e0513c-fc84-4373-b3ee-05f8382f8110,117032422.0,1
Череповец,314.8,59.1269212,37.9090497,Вологодская область,,RU-VLG,Северо-Западный,19430000000,19730000001,3500000200000,b4c30848-5181-44b4-88fa-456e1c4aeb0f,259240544.0,1
Бобров,20.0,51.0901649,40.0318256,Воронежская область,,RU-VOR,Центральный,20204501000,20604101001,3600300100000,0a50bda2-e801-4e11-bcc0-8c6469d46a5d,259531607.0,1
Богучар,11.0,49.9352454,40.5590801,Воронежская область,,RU-VOR,Центральный,20205501000,20605101001,3600400100000,33b88f52-819d-4ba5-aa70-3fe4ccfd33d6,259364370.0,1
Борисоглебск,59.9,51.3655754,42.1008334,Воронежская область,,RU-VOR,Центральный,20410000000,20710000001,3600500100000,e5c49f70-5235-49ef-a16b-816114b36566,259422437.0,1
Бутурлиновка,24.0,50.8311818,40.5976923,Воронежская область,,RU-VOR,Центральный,20208501000,20608101001,3600600100000,b3c350d7-8c81-4016-b198-f197536e8321,259076821.0,1
Воронеж,1058.3,51.6593332,39.1969229,Воронежская область,,RU-VOR,Центральный,20401000000,20701000001,3600000100000,5bf5ddff-6353-4a3d-80c4-6fb27f00c6c1,258682365.0,1
Калач,18.2,50.4242134,41.0162014,Воронежская область,,RU-VOR,Центральный,20215501000,20615101001,3601100100000,57a863b5-02a7-482a-8320-a3d165c4bfd0,259086324.0,1
Лиски,53.5,50.9945626,39.5184909,Воронежская область,,RU-VOR,Центральный,20221501000,20621101001,3601500100000,e0a82358-88c2-44ab-b402-c450e1aa52a8,112401820.0,1
Нововоронеж,31.5,51.3091524,39.2162843,Воронежская область,,RU-VOR,Центральный,20427000000,20727000001,3600000300000,c7cdacb9-6a1e-4402-8bc6-6ec36a42d05c,100532193.0,1
Новохоперск,5.9,51.0952211,41.6173404,Воронежская область,,RU-VOR,Центральный,20227501000,20627101001,3601800100000,43fe280f-6fa3-4a06-8daf-94586e2bea44,258925346.0,1
Острогожск,31.8,50.8677905,39.0407746,Воронежская область,,RU-VOR,Центральный,20231501000,20631101001,3602000100000,8434550d-dd9b-4bc7-8e5b-d43a991753e2,259356160.0,1
Павловск,24.5,50.453455,40.136874,Воронежская область,,RU-VOR,Центральный,20233501000,20633101001,3602100100000,f4a89d85-b770-4d58-b205-31165a9958b8,116999320.0,1
Поворино,16.7,51.1954419,42.2472726,Воронежская область,,RU-VOR,Центральный,20239501000,20639101001,3602400100000,9cb55edf-0fb2-46af-8f00-02b15c2f1644,259843347.0,1
Россошь,62.6,50.1701949,39.6226965,Воронежская область,,RU-VOR,Центральный,20247501000,20647101001,3602800100000,1ed74fcf-2dd0-460a-99b9-029ca382517d,258829190.0,1
Семилуки,27.0,51.6951644,39.0190454,Воронежская область,,RU-VOR,Центральный,20249501000,20649101001,3602900100000,15d507b5-f67e-4ee6-9f25-683562699fac,259082929.0,1
Эртиль,10.1,51.830932,40.8074182,Воронежская область,,RU-VOR,Центральный,20258501000,20658101001,3603300100000,fdbadb36-e4f6-4843-8f1f-80bd4fb4381e,259156945.0,1
Вичуга,33.3,57.2044698,41.9132201,Ивановская область,,RU-IVA,Центральный,24403000000,24703000001,3700300100000,3d518b4e-86b2-48d5-bcf3-48f107165918,258750909.0,1
Гаврилов Посад,5.6,56.5586946,40.1228906,Ивановская область,,RU-IVA,Центральный,24203501000,24603101001,3700400100000,3f81927e-bc4b-45c7-a962-b80c0e216115,117967484.0,1
Заволжск,9.6,57.4918141,42.1375625,Ивановская область,,RU-IVA,Центральный,24205501000,24605101001,3700500100000,3bf1c329-e556-4d56-82d0-3b1b42b298da,258700553.0,1
Иваново,404.6,56.9993792,40.9728272,Ивановская область,,RU-IVA,Центральный,24401000000,24701000001,3700000100000,40c6863e-2a5f-4033-a377-3416533948bd,256157413.0,1
Кинешма,81.0,57.4425463,42.168914,Ивановская область,,RU-IVA,Центральный,24405000000,24705000001,3700000200000,df284e77-a45c-411d-8901-94c91f4a92e5,257969019.0,1
Комсомольск,8.0,57.0273052,40.3776851,Ивановская область,,RU-IVA,Центральный,24213501000,24613101001,3700800100000,d812b7bf-68de-4e11-95d6-39f7c8ec111e,258924197.0,1
Кохма,30.2,56.9324606,41.0931657,Ивановская область,,RU-IVA,Центральный,24207504000,24706000001,3700100200000,022e301b-514f-477f-9d1e-f60430c40429,258668767.0,1
Наволоки,9.1,57.4679066,41.9608002,Ивановская область,,RU-IVA,Центральный,24211504000,24611104001,3700700200000,36d31ef0-a525-4be4-a6e9-28ced781dfae,118610811.0,1
Плес,1.7,57.4606031,41.5122672,Ивановская область,,RU-IVA,Центральный,24220504000,24620104001,3701300200000,8bb29a7a-de9c-4c21-ad15-3af39f0a41fa,116793207.0,1
Приволжск,15.3,57.3805743,41.2808565,Ивановская область,,RU-IVA,Центральный,24220506000,24620106001,3701300100000,43706edd-5cf4-4400-8e60-03ea3660c25f,258925284.0,1
Пучеж,6.3,56.9820688,43.1683321,Ивановская область,,RU-IVA,Центральный,24221501000,24621101001,3701400100000,a85feb12-89e9-441d-956a-8510493cdc8d,116329708.0,1
Родники,23.9,57.1025975,41.7298834,Ивановская область,,RU-IVA,Центральный,24223501000,24623101001,3701500100000,90328f6e-d961-48ba-ab03-366d93df3c07,258925092.0,1
Тейково,31.8,56.8542719,40.5353874,Ивановская область,,RU-IVA,Центральный,24407000000,24707000001,3701700100000,09a16212-dcce-4f9a-be1a-515911beaba3,258666543.0,1
Фурманов,33.2,57.2539276,41.1054432,Ивановская область,,RU-IVA,Центральный,24231000000,24631101001,3701800100000,9d56ad01-abe9-4f14-89e5-9af4544b94b2,258750918.0,1
Шуя,57.0,56.8560234,41.3800939,Ивановская область,,RU-IVA,Центральный,24411000000,24711000001,3701900100000,a6c7e92c-79cf-4b47-beb6-40192295c559,259173438.0,1
Южа,12.2,56.5926877,42.0458099,Ивановская область,,RU-IVA,Центральный,24235501000,24635101001,3702000100000,16c1333c-8766-4135-a29a-e08f959e60bc,155491480.0,1
Юрьевец,7.9,57.3177781,43.1110401,Ивановская область,,RU-IVA,Центральный,24237501000,24637101001,3702100100000,be9d618e-8dc4-498f-aed6-03ce38f82683,258701692.0,1
Баксан,38.5,43.6819137,43.5345036,Кабардино-Балкарская Республика,,RU-KB,Северо-Кавказский,83403000000,83703000001,700000300000,67851dfd-e142-451a-b6b1-ea5e9bc7f0c1,259313373.0,1
Майский,26.7,43.6281516,44.0517314,Кабардино-Балкарская Республика,,RU-KB,Северо-Кавказский,83220501000,83620101001,700400100000,e9f48c52-6cc4-47d9-ba6d-e7b12e8e0871,259637188.0,1
Нальчик,239.6,43.4845464,43.60713,Кабардино-Балкарская Республика,,RU-KB,Северо-Кавказский,83401000000,83701000001,700000100000,913a82e3-b671-43d5-97b4-8a08b8ee2d28,258897108.0,1
Нарткала,30.6,43.5578075,43.8575925,Кабардино-Балкарская Республика,,RU-KB,Северо-Кавказский,83240501000,83640101001,700700100000,cb0f531d-4831-41c0-a859-3ad1f2e0f70b,259756015.0,1
Прохладный,58.2,43.7589602,44.0102409,Кабардино-Балкарская Республика,,RU-KB,Северо-Кавказский,83410000000,83710000001,700000200000,22973a33-7a1c-449d-9535-def88bd91ed3,258709680.0,1
Терек,19.5,43.4839358,44.1402161,Кабардино-Балкарская Республика,,RU-KB,Северо-Кавказский,83235501000,83635101001,700600100000,9886a048-8715-4526-80b1-2f0fd8dd7bdf,259147888.0,1
Тырныауз,20.6,43.3981585,42.9213582,Кабардино-Балкарская Республика,,RU-KB,Северо-Кавказский,83248501000,83648101001,701000100000,e0ee885d-786e-457e-9568-2def04ee83b0,259672554.0,1
Чегем,18.4,43.5671525,43.5865792,Кабардино-Балкарская Республика,,RU-KB,Северо-Кавказский,83245501000,83645101001,700800100000,17bfd906-04ef-45f2-abbb-fcf801d0ba84,259467169.0,1
Багратионовск,6.4,54.3866518,20.6418091,Калининградская область,,RU-KGD,Северо-Западный,27203501000,27703000001,3900200100000,427dc561-3277-43bd-a310-7c1953a3c8bd,259263897.0,1
Балтийск,33.7,54.6513372,19.9140572,Калининградская область,,RU-KGD,Северо-Западный,27405000000,27705000001,3901500100000,97323948-09db-411c-8e9a-43ad2ec25687,309702733.0,1
Гвардейск,13.3,54.6588378,21.0501388,Калининградская область,,RU-KGD,Северо-Западный,27206501000,27706000001,3900300100000,8f9e9cc0-711f-470a-9fff-2a65c00c8439,257340543.0,1
Гурьевск,19.3,54.770638,20.6039767,Калининградская область,,RU-KGD,Северо-Западный,27209501000,27707000001,3900400100000,27bc7f09-4593-4972-950b-231f2a49d44b,257398744.0,1
Гусев,28.5,54.5915455,22.1942445,Калининградская область,,RU-KGD,Северо-Западный,27212501000,27709000001,3900500100000,66cb21da-0212-4d22-a2a3-f1badcd3a9d4,258647504.0,1
Зеленоградск,16.5,54.9600185,20.4753652,Калининградская область,,RU-KGD,Северо-Западный,27215501000,27710000001,3900600100000,448d8a42-8ebf-4ca5-a9f2-98efb532630f,309702952.0,1
Калининград,489.3,54.7074702,20.5073241,Калининградская область,,RU-KGD,Северо-Западный,27401000000,27701000001,3900000100000,df679694-d505-4dd3-b514-4ba48c8a97d8,258247410.0,1
Краснознаменск,3.1,54.9453423,22.4928745,Калининградская область,,RU-KGD,Северо-Западный,27218501000,27713000001,3900700100000,40c2a58b-8f84-4b30-8a22-038efe4f059a,258508022.0,1
Ладушкин,3.9,54.5692156,20.1690153,Калининградская область,,RU-KGD,Северо-Западный,27203505000,27711000001,3900000800000,04950f38-5c4c-4989-8b7a-6224795a2b59,132779809.0,1
Мамоново,8.0,54.4646036,19.9453482,Калининградская область,,RU-KGD,Северо-Западный,27203510000,27712000001,3900000900000,2942ef2d-01b0-4137-8f46-5228e9eedd7f,106350173.0,1
Неман,10.8,55.0316524,22.0324064,Калининградская область,,RU-KGD,Северо-Западный,27221501000,27714000001,3900800100000,180fcdbd-95b4-41f5-90f5-cbe9b9c83da7,258687928.0,1
Нестеров,3.9,54.6313814,22.5713736,Калининградская область,,RU-KGD,Северо-Западный,27224501000,27715000001,3900900100000,4fb71afc-f221-454e-9edf-d6fd9ee07418,103669012.0,1
Озерск,3.8,54.4084705,22.0134438,Калининградская область,,RU-KGD,Северо-Западный,27227501000,27716000001,3901000100000,19620317-39e8-4a09-af7e-67b136ef61fe,119704238.0,1
Пионерский,12.2,54.9516574,20.2277424,Калининградская область,,RU-KGD,Северо-Западный,27417000000,27717000001,3900000300000,9fee1c1b-9d14-42ea-8ff9-2e903501d43d,121730533.0,1
Полесск,6.9,54.8625126,21.0998067,Калининградская область,,RU-KGD,Северо-Западный,27230501000,27718000001,3901100100000,27fd5628-fbd7-4641-abed-b213af6029b8,235500.0,1
Правдинск,4.0,54.4430986,21.0085269,Калининградская область,,RU-KGD,Северо-Западный,27233501000,27719000001,3901200100000,2b3f4c49-0e5b-44c8-bf56-a335eb551c23,258860557.0,1
Приморск,1.9,54.7311437,19.9981926,Калининградская область,,RU-KGD,Северо-Западный,27405555000,27705000006,3901500200000,5f19f5f2-55b1-4796-9610-8a73eeefcaf1,,1
Светлогорск,15.2,54.9439286,20.1514295,Калининградская область,,RU-KGD,Северо-Западный,27420000000,27734000001,3901600100000,19436029-357a-435b-8156-b01fba4ea8a5,258889587.0,1
Светлый,21.6,54.6772897,20.1357595,Калининградская область,,RU-KGD,Северо-Западный,27425000000,27725000001,3900000600000,6d379259-b8d5-4cca-9412-1ded0849fd1a,258082275.0,1
Славск,4.0,55.0449714,21.6742367,Калининградская область,,RU-KGD,Северо-Западный,27236501000,27727000001,3901300100000,f731c104-431c-494c-b4e8-f97ccaaf71b9,105426485.0,1
Советск,39.0,55.0809336,21.8886106,Калининградская область,,RU-KGD,Северо-Западный,27430000000,27730000001,3900000700000,e401208f-3469-403f-910b-bba057cf70b2,259085493.0,1
Черняховск,35.4,54.6244751,21.7969062,Калининградская область,,RU-KGD,Северо-Западный,27239501000,27739000001,3901400100000,acde8f61-fd56-4cec-a4df-1f033e2a63ee,258930922.0,1
Балабаново,25.6,55.1773714,36.6566951,Калужская область,,RU-KLU,Центральный,29206505000,29606105001,4000400200000,ef65fa9c-6516-4175-a00a-6410a4a6f2d6,258348575.0,1
Белоусово,10.2,55.0956803,36.677629,Калужская область,,RU-KLU,Центральный,29213507000,29613157001,4000900200000,4601e932-0ca3-474f-a8a6-e67cc034b346,257640315.0,1
Боровск,10.3,55.2130096,36.4926251,Калужская область,,RU-KLU,Центральный,29206501000,29606101001,4000400100000,db14bfff-fea7-469e-82f4-ccf4209d6753,259286242.0,1
Ермолино,10.1,55.1971758,36.5952722,Калужская область,,RU-KLU,Центральный,29206507000,29606157001,4000400400000,0c66ce29-8464-40ef-a11d-e8e6df7475fd,257380022.0,1
Жиздра,5.4,53.7521926,34.7386592,Калужская область,,RU-KLU,Центральный,29212501000,29612101,4000800100000,2073f6df-cf12-455f-818d-cedea8f783fa,259475292.0,1
Жуков,13.7,55.0301833,36.7394903,Калужская область,,RU-KLU,Центральный,29213501000,29613101001,4000900100000,53f014ee-1074-4f90-b948-9e5219e24b9b,132246208.0,1
Калуга,332.0,54.5059848,36.2516245,Калужская область,,RU-KLU,Центральный,29401000000,29701000001,4000000100000,b502ae45-897e-4b6f-9776-6ff49740b537,257430965.0,1
Киров,29.9,54.0790111,34.3076201,Калужская область,,RU-KLU,Центральный,29214501000,29614101001,4001100100000,7c875ac0-5c75-4798-8786-564ccb5bd9f2,257903408.0,1
Козельск,16.4,54.0347201,35.780768,Калужская область,,RU-KLU,Центральный,29216501000,29616101001,4001200100000,adc77035-406d-4cb4-9bcc-094c89ac67fc,258880549.0,1
Кондрово,14.6,54.7959473,35.9274842,Калужская область,,RU-KLU,Центральный,29208501000,29608101001,4000600100000,9ea37890-3ec5-4425-8e41-f60d1844335d,258628448.0,1
Кременки,10.3,54.8862447,37.1168701,Калужская область,,RU-KLU,Центральный,29213510000,29613160001,4000900400000,73c0bcae-5da5-4796-9084-9b9e5905d501,130754546.0,1
Людиново,37.3,53.8700828,34.4385915,Калужская область,,RU-KLU,Центральный,29220501000,29620101001,4001400100000,e6b8a826-768f-4745-889b-e774c1520c5f,259017468.0,1
Малоярославец,27.8,55.0177123,36.4633603,Калужская область,,RU-KLU,Центральный,29223501000,29623101001,4001500100000,72cb3a9a-0180-4619-ac08-07e762e58e6f,258919053.0,1
Медынь,8.2,54.9689785,35.8872168,Калужская область,,RU-KLU,Центральный,29225501000,29625101001,4001600100000,df03aec4-0859-4f40-9f51-90b2ed2f83ef,257997240.0,1
Мещовск,3.8,54.3191471,35.2816918,Калужская область,,RU-KLU,Центральный,29227501000,29627101001,4001700100000,9b4890ea-75d9-4464-96f1-077c8a9c7e34,166281679.0,1
Мосальск,4.2,54.4824939,34.9872239,Калужская область,,RU-KLU,Центральный,29229501000,29629101001,4001800100000,4ae6d306-349e-4fb8-9ce9-7c3735d3c4e6,258184843.0,1
Обнинск,117.4,55.0943144,36.6121639,Калужская область,,RU-KLU,Центральный,29415000000,29715000001,4000000200000,05a647ff-b859-4c93-8c8e-3590110a0085,257902299.0,1
Сосенский,10.4,54.0566016,35.9621646,Калужская область,,RU-KLU,Центральный,29216504000,29616104001,4001200200000,44326142-0196-4cec-abcb-79853fe6cfd4,258323713.0,1
Спас-Деменск,4.3,54.409922,34.0189631,Калужская область,,RU-KLU,Центральный,29234501000,29634101001,4000500100000,30745bd5-b803-4327-baf9-006f25353acc,259168450.0,1
Сухиничи,14.8,54.097296,35.3443568,Калужская область,,RU-KLU,Центральный,29236501000,29636101001,4002000100000,84778f7b-bf8c-45cc-84e1-dfd136368e6a,258884646.0,1
Таруса,9.2,54.7236477,37.1671,Калужская область,,RU-KLU,Центральный,29238501000,29638101001,4002100100000,31a0a531-a20f-4ccc-a370-551cd9867b0c,259168471.0,1
Юхнов,5.8,54.7446445,35.2424346,Калужская область,,RU-KLU,Центральный,29250501000,29650101001,4002500100000,503b2859-0304-4e8e-b627-8f611ff27d5e,259475303.0,1
Карачаевск,20.8,43.7732525,41.9143472,Карачаево-Черкесская Республика,,RU-KC,Северо-Кавказский,91405000000,91705000001,900000200000,cb390fbd-3149-4ac9-b9fb-6af069d51b71,259447063.0,1
Теберда,8.6,43.4437731,41.7415142,Карачаево-Черкесская Республика,,RU-KC,Северо-Кавказский,91405503000,91705000006,900000300000,2edbb310-a924-44a8-a6d0-c9b825214fcf,259823912.0,1
Усть-Джегута,30.6,44.0838442,41.9711046,Карачаево-Черкесская Республика,,RU-KC,Северо-Кавказский,91235501000,91635101001,900800100000,5de40749-195c-445b-b65a-fd1c397d1440,259205079.0,1
Черкесск,123.2,44.2269425,42.0466704,Карачаево-Черкесская Республика,,RU-KC,Северо-Кавказский,91401000000,91701000001,900000100000,2a4a7c93-f3f8-4042-8cbf-e04ab64f5e08,259357211.0,1
Буй,23.2,58.4733277,41.5306822,Костромская область,,RU-KOS,Центральный,34405000000,34705000001,4400300100000,9180ffd0-7f8d-4fdb-a284-583f27e378eb,109504818.0,1
Волгореченск,16.3,57.4424559,41.1594201,Костромская область,,RU-KOS,Центральный,34406000000,34706000001,4400000200000,40eb94b1-c51e-455c-92af-7dafaaa92caa,259047063.0,1
Галич,16.8,58.3828191,42.3654013,Костромская область,,RU-KOS,Центральный,34408000000,34708000001,4400500100000,f2bc7c4a-cf05-48da-aed1-9abd3c57925b,259336754.0,1
Кологрив,2.9,58.8269323,44.3184927,Костромская область,,RU-KOS,Центральный,34212501000,34612101001,4400700100000,2382db41-3085-4e55-a612-d597535ae960,119684147.0,1
Кострома,276.9,57.768,40.927,Костромская область,,RU-KOS,Центральный,34401000000,34701000001,4400000300000,14c73394-b886-40a9-9e5c-547cfd4d6aad,258935717.0,1
Макарьев,6.4,57.8807152,43.8014197,Костромская область,,RU-KOS,Центральный,34218501000,34618101001,4400900100000,dda6ff96-ff7e-4ea0-a9eb-6bfefe3b1ec8,257115236.0,1
Мантурово,15.0,58.3265441,44.757494,Костромская область,,RU-KOS,Центральный,34414000000,34714000001,4401000100000,b045e8f1-b705-4211-862a-101df62b4feb,207801619.0,1
Нерехта,20.9,57.4543369,40.5723598,Костромская область,,RU-KOS,Центральный,34420000000,34626101001,4401300100000,d8fcde72-38b9-4032-9670-fa496983e62f,259125469.0,1
Нея,8.6,58.2943349,43.8780948,Костромская область,,RU-KOS,Центральный,34422000000,34624101,4401200100000,39d5f8b9-551c-42ee-8fbc-d44ceb427b47,259170710.0,1
Солигалич,5.9,59.0784867,42.2878423,Костромская область,,RU-KOS,Центральный,34240501000,34640101001,4402000100000,35df6629-3c19-4285-8a6c-559750ec36ae,326688120.0,1
Чухлома,4.9,58.753421,42.6884958,Костромская область,,RU-KOS,Центральный,34246501000,34646101001,4402300100000,fbadac52-08d8-46f2-b2c6-d272b79f36c1,100205864.0,1
Шарья,23.5,58.3760542,45.4062414,Костромская область,,RU-KOS,Центральный,34430000000,34730000001,4402400100000,c78b9b9e-ace7-46d0-9f6f-c259d7f65e4f,259240965.0,1
Абинск,39.1,44.8679655,38.1618157,Краснодарский край,,RU-KDA,Южный,3201501000,3601101001,2300200100000,ecd4abbc-79eb-4dd9-b02d-b10760fbc4ff,103385232.0,1
Анапа,88.9,44.8950433,37.3163282,Краснодарский край,,RU-KDA,Южный,3403000000,3703000001,2300300100000,eeb7a0a7-3bbf-4f00-8a03-a7eabc257bed,309341182.0,1
Апшеронск,39.5,44.4584006,39.7299824,Краснодарский край,,RU-KDA,Южный,3205501000,3605101001,2300400100000,7b9a7eb9-0d6d-4135-ad1c-3c059db9f386,258776030.0,1
Армавир,189.0,45.0012149,41.1324168,Краснодарский край,,RU-KDA,Южный,3405000000,3705000001,2300000200000,fc9c55d0-c66e-455e-8034-b0944b025c38,312973671.0,1
Белореченск,51.6,44.7651876,39.8781494,Краснодарский край,,RU-KDA,Южный,3406000000,3608101001,2300600100000,ce9dccce-d0a3-49c4-a934-3f8de7fbed2a,98506581.0,1
Геленджик,76.8,44.5630007,38.0790852,Краснодарский край,,RU-KDA,Южный,3408000000,3708000001,2300000300000,e157b9c0-f908-48bc-a1d7-39c482a501a5,257123494.0,1
Горячий Ключ,40.3,44.6344864,39.1354738,Краснодарский край,,RU-KDA,Южный,3409000000,3709000001,2300000400000,298ebb96-d9c3-4809-b466-386c778234a5,258931348.0,1
Гулькевичи,34.3,45.3605121,40.6918389,Краснодарский край,,RU-KDA,Южный,3213501000,3613101001,2300900100000,3039644e-5690-43b6-abbc-2d190f6dcecf,121123290.0,1
Ейск,83.1,46.71157,38.2763895,Краснодарский край,,RU-KDA,Южный,3411000000,3616101001,2301100100000,d22840fe-89f7-4f1a-8591-c51b87a7aec2,304698497.0,1
Кореновск,42.4,45.4641703,39.458949,Краснодарский край,,RU-KDA,Южный,3221501000,3621101001,2301500100000,76e1af12-0fae-42b0-8771-02191d803ad0,98028494.0,1
Краснодар,932.6,45.0401604,38.9759647,Краснодарский край,,RU-KDA,Южный,3401000000,3701000001,2300000100000,7dfa745e-aa19-4688-b121-b655c11e482f,311340772.0,1
Кропоткин,77.7,45.4333007,40.5727951,Краснодарский край,,RU-KDA,Южный,3414000000,3618101001,2301200100000,a4f6512e-2ee9-4250-b241-b58504a886b4,259049575.0,1
Крымск,57.9,44.9344404,37.9855795,Краснодарский край,,RU-KDA,Южный,3415000000,3625101001,2301800100000,ae6c6804-3c18-4337-bb6e-7479a8cb64f6,259324132.0,1
Курганинск,48.2,44.8877025,40.5913245,Краснодарский край,,RU-KDA,Южный,3227501000,3627101001,2301900100000,2c58f372-aac8-4645-b41a-f39bdffef373,258480982.0,1
Лабинск,59.3,44.6354363,40.7245341,Краснодарский край,,RU-KDA,Южный,3417000000,3630101001,2302100100000,0ec1acd4-d7bb-49f7-87c2-d66edb24f587,259255622.0,1
Новокубанск,35.2,45.1038699,41.0475175,Краснодарский край,,RU-KDA,Южный,3234501000,3634101001,2302400100000,38dd5f45-0a56-4554-93d8-3edfcdf000dd,119856433.0,1
Новороссийск,275.0,44.7235026,37.7686135,Краснодарский край,,RU-KDA,Южный,3420000000,3720000001,2300000600000,16ac039a-5257-4715-a8c5-d6bd9e617b53,258381901.0,1
Приморско-Ахтарск,32.3,46.0515432,38.1704875,Краснодарский край,,RU-KDA,Южный,3241501000,3641101001,2302800100000,d9efcf77-c371-434d-a41e-f20e3b4c83c0,101784771.0,1
Славянск-на-Кубани,67.9,45.2603626,38.1259774,Краснодарский край,,RU-KDA,Южный,3423000000,3645101001,2303000100000,06e2b3b8-c02c-4722-887f-168236ae5382,259176297.0,1
Сочи,443.6,43.5854551,39.7231548,Краснодарский край,,RU-KDA,Южный,3426000000,3726000001,2300000700000,79da737a-603b-4c19-9b54-9114c96fb912,256592821.0,1
Темрюк,41.4,45.2610949,37.4454412,Краснодарский край,,RU-KDA,Южный,3251501000,3651101001,2303300100000,3d6724a2-9641-44e6-bc69-097d93c01cb9,101852182.0,1
Тимашевск,50.8,45.615923,38.9351837,Краснодарский край,,RU-KDA,Южный,3253501000,3653101001,2303400100000,f09d518d-5617-476f-8c76-877899375202,259079180.0,1
Тихорецк,57.1,45.8546345,40.1260267,Краснодарский край,,RU-KDA,Южный,3429000000,3654101001,2303500100000,1d3511c8-b1dc-49c5-b5fb-3533ed4ce3c4,259610798.0,1
Туапсе,61.2,44.1105335,39.0824904,Краснодарский край,,RU-KDA,Южный,3432000000,3655101001,2303600100000,d0e68eaf-5ea0-4e65-81b6-b6f55c4df6f5,259258402.0,1
Усть-Лабинск,39.5,45.2227359,39.6929577,Краснодарский край,,RU-KDA,Южный,3257501000,3657101001,2303800100000,f5743b34-7858-46b4-99ca-050a4efa356d,99494855.0,1
Хадыженск,22.2,44.4122963,39.5320258,Краснодарский край,,RU-KDA,Южный,3205509000,3605109001,2300400200000,e27ea530-bc56-43b3-8ff7-24db68ae2760,159054717.0,1
Дмитриев-Льговский,6.3,52.1268464,35.0739038,Курская область,,RU-KRS,Центральный,38208501000,38608101001,4600600100000,d3ce7d17-c746-4ea3-a564-34903b79a3fd,258643296.0,1
Железногорск,100.4,52.3380202,35.3516867,Курская область,,RU-KRS,Центральный,38405000000,38705000001,4600000300000,b73b7c50-112e-4b04-82df-1e0cea13de4b,258909667.0,1
Курск,453.0,51.7303637,36.1925603,Курская область,,RU-KRS,Центральный,38401000000,38701000001,4600000100000,d790c72e-479b-4da2-90d7-842b1712a71c,258411720.0,1
Курчатов,38.1,51.6604083,35.6572224,Курская область,,RU-KRS,Центральный,38408000000,38708000001,4600000200000,a6d4bd96-8c96-4c15-86df-73087f55534d,257527305.0,1
Льгов,18.1,51.6597148,35.2612491,Курская область,,RU-KRS,Центральный,38410000000,38710000001,4600000400000,6fe805e1-1dde-42cd-821e-173ffe50885d,258908487.0,1
Обоянь,13.2,51.2119324,36.2755133,Курская область,,RU-KRS,Центральный,38226501000,38626101001,4601600100000,60d797fd-62b0-4705-9f5b-aa0a67c5c749,257527386.0,1
Рыльск,16.0,51.5681314,34.6802597,Курская область,,RU-KRS,Центральный,38234501000,38634101001,4602000100000,fa2b3c62-6e92-4155-a981-d19ea4999342,258736620.0,1
Суджа,5.6,51.1918927,35.2720915,Курская область,,RU-KRS,Центральный,38240501000,38640101001,4602300100000,abd43820-a1d4-4e16-adb4-8532959b6e98,258861622.0,1
Фатеж,6.1,52.0917728,35.8538706,Курская область,,RU-KRS,Центральный,38244501000,38644101,4602500100000,f5c96821-4438-461c-b5da-2c812cd0bc0a,258643283.0,1
Щигры,15.0,51.8786014,36.8910945,Курская область,,RU-KRS,Центральный,38415000000,38715000001,4600000500000,9382c84c-3d08-4136-a674-9402da0b9e40,259050403.0,1
Бокситогорск,15.1,59.4734797,33.845688,Ленинградская область,,RU-LEN,Северо-Западный,41203501000,41603101001,4700200100000,1a12dc30-ca4c-480f-89dd-31452648b493,258233388.0,1
Волосово,11.8,59.4445408,29.4923355,Ленинградская область,,RU-LEN,Северо-Западный,41206501000,41606101001,4700300100000,eb8a9d09-6728-43fe-b3d1-21a2c804b40c,98763476.0,1
Волхов,44.3,59.9005958,32.3520756,Ленинградская область,,RU-LEN,Северо-Западный,41209501000,41609101001,4700400100000,d77089df-c8ed-464d-a26b-69ce42383a0f,258982610.0,1
Всеволожск,74.7,60.0191278,30.6456718,Ленинградская область,,RU-LEN,Северо-Западный,41212501000,41612101001,4700500100000,c70a5280-c482-4f6e-801a-cdd6851eab50,257271877.0,1
Выборг,75.4,60.7130801,28.7328336,Ленинградская область,,RU-LEN,Северо-Западный,41215501000,41615101001,4700600100000,a4a3e3af-ce5a-4eba-9aae-36c350fa7fec,258955633.0,1
Высоцк,1.1,60.6296236,28.5709314,Ленинградская область,,RU-LEN,Северо-Западный,41215504000,41615104001,4700600200000,f0a4b813-7189-4bd4-8a3a-aaa7fbed4711,257577732.0,1
Гатчина,91.7,59.565237,30.1282473,Ленинградская область,,RU-LEN,Северо-Западный,41218501000,41618101001,4700700100000,d193a2f8-4ea1-406a-ba9a-698ae19caeb7,258341856.0,1
Ивангород,9.5,59.3766119,28.2231659,Ленинградская область,,RU-LEN,Северо-Западный,41221505000,41621102001,4700801100000,752d9929-945c-4464-ae38-20a626108da9,258217872.0,1
Каменногорск,6.3,60.950855,29.1308372,Ленинградская область,,RU-LEN,Северо-Западный,41215506000,41615106,4700600300000,58399f33-3e18-4921-950a-ac0fa5f9e97c,257967882.0,1
Кингисепп,45.2,59.3740435,28.6112444,Ленинградская область,,RU-LEN,Северо-Западный,41221501000,41621101001,4700800100000,ef14bc6b-dd76-4264-bb40-c0fd8a60985b,259253577.0,1
Кириши,50.5,59.4742862,32.0624947,Ленинградская область,,RU-LEN,Северо-Западный,41224501000,41624101001,4700900100000,52da70f1-08b0-4b4c-9d22-d67a62bc2aa5,258996644.0,1
Кировск,26.9,59.8754216,30.981364,Ленинградская область,,RU-LEN,Северо-Западный,41225501000,41625101001,4701000100000,a1535e5e-c151-431a-a4c4-954d4545e37a,258812264.0,1
Коммунар,22.2,59.6215133,30.3934125,Ленинградская область,,RU-LEN,Северо-Западный,41218505000,41618105001,4700700200000,459dca99-04ff-44fb-af9f-7e2100ec28ac,258824972.0,1
Кудрово,41.1,59.9075226,30.5121008,Ленинградская область,,RU-LEN,Северо-Западный,41212503000,41612155005,4700511600000,98cd19c4-e172-4fa3-a81d-7caedeec669b,257681966.0,1
Лодейное Поле,19.0,60.7320936,33.5521022,Ленинградская область,,RU-LEN,Северо-Западный,41227501000,41627101001,4701100100000,5f52edf9-92aa-4e69-9314-e629c45ec1d5,259039320.0,1
Луга,34.6,58.7374031,29.8465776,Ленинградская область,,RU-LEN,Северо-Западный,41233501000,41633101001,4701300100000,d9135f5d-627e-441d-b208-9087ee0367dd,257726187.0,1
Любань,4.4,59.3493847,31.2484801,Ленинградская область,,RU-LEN,Северо-Западный,41248505000,41648105001,4701800400000,cda96dc0-75b2-411b-b995-16cc63fcfa05,257251007.0,1
Мурино,64.9,60.044862,30.4571456,Ленинградская область,,RU-LEN,Северо-Западный,41212504000,41612103001,4700511700000,d73506c5-015c-4c39-929a-696ea8144e16,258837181.0,1
Никольское,22.4,59.7043309,30.7874571,Ленинградская область,,RU-LEN,Северо-Западный,41248508000,41648108001,4701800300000,43cb88de-fa89-4027-b3ef-84deb2d32ce5,258696296.0,1
Новая Ладога,8.0,60.1100135,32.3141203,Ленинградская область,,RU-LEN,Северо-Западный,41209504000,41609104001,4700400200000,2145f2cb-3ec2-4c1d-bd52-f84b2858c6a9,258772019.0,1
Отрадное,25.8,59.7726848,30.7988557,Ленинградская область,,RU-LEN,Северо-Западный,41225504000,41625104001,4701000200000,c4602384-ff62-4e0f-bf4b-06a5c653702b,259198400.0,1
Пикалево,19.7,59.5132022,34.1772776,Ленинградская область,,RU-LEN,Северо-Западный,41203505000,41603102001,4700200200000,0a243487-acce-4775-979a-5a08e8c62da6,258227917.0,1
Подпорожье,16.7,60.9127549,34.1567664,Ленинградская область,,RU-LEN,Северо-Западный,41236501000,41636101001,4701400100000,6d13b512-6d25-413a-ab29-3d9ade960f3a,258191067.0,1
Приморск,5.6,60.3660209,28.6135772,Ленинградская область,,RU-LEN,Северо-Западный,41215508000,41615108001,4700600400000,878aa7cc-76f0-42c8-90f5-3489f43c169c,111395565.0,1
Приозерск,17.8,61.0330896,30.1587851,Ленинградская область,,RU-LEN,Северо-Западный,41239501000,41639101001,4701500100000,59a9c284-72fb-49e6-8380-10ca044d0bd7,257238301.0,1
Светогорск,15.2,61.1111282,28.8725865,Ленинградская область,,RU-LEN,Северо-Западный,41215514000,41615114001,4700600500000,d4789972-b71d-4e70-9af8-f4acfcf80c71,257967851.0,1
Сертолово,56.6,60.1446932,30.2095918,Ленинградская область,,RU-LEN,Северо-Западный,41212505000,41612102001,4700500200000,79b806cd-e36c-48fc-b82c-8cbb5cfd9450,258230042.0,1
Сланцы,32.2,59.1178185,28.0881475,Ленинградская область,,RU-LEN,Северо-Западный,41242501000,41642101001,4701600100000,a7a1a8e5-45b2-4542-b718-0976702ccd90,259139809.0,1
Сосновый Бор,67.7,59.8772884,29.1291619,Ленинградская область,,RU-LEN,Северо-Западный,41454000000,41754000001,4700000400000,f4a4b31f-9f0a-4fdb-804c-d67661085eb4,259077026.0,1
Сясьстрой,12.4,60.1401739,32.5601559,Ленинградская область,,RU-LEN,Северо-Западный,41209508000,41609108001,4700400300000,f59186fa-b4db-4b2d-88b9-e3fde4a90690,258554643.0,1
Тихвин,58.1,59.6272904,33.5072731,Ленинградская область,,RU-LEN,Северо-Западный,41245501000,41645101001,4701700100000,86ec26f6-d980-4c40-b4ce-77e1638ec8ad,259195380.0,1
Тосно,36.3,59.5407098,30.877812,Ленинградская область,,RU-LEN,Северо-Западный,41248501000,41648101001,4701800100000,165119d1-6555-4473-8b90-46ec517b4076,258947510.0,1
Шлиссельбург,14.9,59.9443714,31.0333365,Ленинградская область,,RU-LEN,Северо-Западный,41225503000,41625102001,4701000300000,5a543514-a133-431c-919e-8a61c2261783,258372421.0,1
Грязи,46.7,52.4874097,39.9331142,Липецкая область,,RU-LIP,Центральный,42206501000,42606101001,4800300100000,f073b28a-b8f8-4eee-adfd-cfbf769c6771,258809172.0,1
Данков,18.7,53.2577411,39.1456184,Липецкая область,,RU-LIP,Центральный,42209501000,42609101001,4800400100000,ad0cefe8-456d-4cac-bee3-c3e910187f4a,108548113.0,1
Елец,102.3,52.6152411,38.5289342,Липецкая область,,RU-LIP,Центральный,42415000000,42715000001,4800000200000,8261b161-ceac-4fa2-9fe8-593cb2a28210,257955771.0,1
Задонск,9.5,52.4004179,38.9205032,Липецкая область,,RU-LIP,Центральный,42224501000,42624101001,4800900100000,4c035f08-697c-4ad0-9c8e-7b7a8a385974,259066138.0,1
Лебедянь,19.2,53.0156117,39.143536,Липецкая область,,RU-LIP,Центральный,42233501000,42633101001,4801200100000,d8a96228-5392-4c32-98cb-6a7ac20db942,258434961.0,1
Липецк,508.6,52.610249,39.5947883,Липецкая область,,RU-LIP,Центральный,42401000000,42701000001,4800000100000,eacb5f15-1a2e-432e-904a-ca56bd635f1b,258875224.0,1
Усмань,19.6,52.0442648,39.726401,Липецкая область,,RU-LIP,Центральный,42248501000,42648101001,4801600100000,1b3ce1ae-6edd-464b-ab82-79237510cd5c,259068942.0,1
Чаплыгин,11.8,53.24048,39.9670973,Липецкая область,,RU-LIP,Центральный,42256501000,42656101001,4801800100000,4aed94c2-977d-41cc-bc72-312026ec4117,160650732.0,1
Москва,12655.1,55.7540471,37.620405,Москва,,RU-MOW,Центральный,45000000000,45000000,7700000000000,0c5b2444-70a0-4932-980c-b4dc0d3f02b5,258808740.0,1
Апрелевка,30.7,55.5276918,37.065143,Московская область,,RU-MOS,Центральный,46450506000,46750000006,5004800300000,17b4ba8a-4300-44e4-bbf7-5f0a8118ddf5,259033483.0,1
Балашиха,507.4,55.796389,37.938283,Московская область,,RU-MOS,Центральный,46404000000,46704000001,5000003600000,27c5bc66-61bf-4a17-b0cd-ca0eb64192d6,2982279.0,1
Белоозерский,17.898,55.4595766,38.4389742,Московская область,,RU-MOS,Центральный,46410506000,46710000006,5004400200000,76a108ed-a04d-41d0-a556-39865e793886,109553207.0,1
Бронницы,22.5,55.4255379,38.264145,Московская область,,RU-MOS,Центральный,46405000000,46705000001,5000000200000,582fae29-5955-4dba-9f77-ebf9a8e60827,132549373.0,1
Верея,5.1,55.343369,36.185694,Московская область,,RU-MOS,Центральный,46450511000,46750000011,5004800200000,abda86de-97b7-4098-9d09-e1835c6e8797,96434385.0,1
Видное,77.0,55.551725,37.7061984,Московская область,,RU-MOS,Центральный,46407000000,46707000001,5000002500000,9a72b510-9413-41d8-b076-576fbfd78404,258805580.0,1
Волоколамск,18.4,56.0356499,35.9585112,Московская область,,RU-MOS,Центральный,46408000000,46708000001,5000006600000,ca8fb626-709c-4851-a8d6-cbfd592c3bf8,101138598.0,1
Воскресенск,92.9,55.3071519,38.7027953,Московская область,,RU-MOS,Центральный,46410000000,46710000001,5004400000000,555e9f1b-627a-4444-b19e-27fb9d67a093,256693397.0,1
Высоковск,10.4,56.3359513,36.5251837,Московская область,,RU-MOS,Центральный,46437506000,46737000006,5004700200000,a8ad4e79-a4c9-4f2e-ade5-a7fa3ab0da03,258896420.0,1
Голицыно,17.5,55.6190582,36.9856793,Московская область,,RU-MOS,Центральный,46455506000,46755000006,5004200200000,963efb34-c804-43b4-9298-8e145d188ed0,258714084.0,1
Дедовск,30.5,55.8703276,37.1245043,Московская область,,RU-MOS,Центральный,46433506000,46733000006,5004600200000,05b3833e-37b3-470e-bf21-78adf1eec36f,258941535.0,1
Дзержинский,56.4,55.6240869,37.8440276,Московская область,,RU-MOS,Центральный,46411000000,46711000001,5000002300000,6fa8b59c-cda7-4c98-8b41-e0bcb2867e16,258753206.0,1
Дмитров,68.8,56.3477457,37.526672,Московская область,,RU-MOS,Центральный,46415000000,46715000001,5004500000000,0d8a246f-6446-403e-91c6-3aec9cdbfc32,105492392.0,1
Долгопрудный,116.0,55.9385999,37.5101021,Московская область,,RU-MOS,Центральный,46416000000,46716000001,5000002900000,dcf522ad-e032-4db9-9dbb-e30d2cddfadb,258475749.0,1
Домодедово,137.2,55.4363283,37.7664984,Московская область,,RU-MOS,Центральный,46409000000,46709000001,5000000100000,d177d438-ea69-4169-854c-d4512d7c8ebe,258805500.0,1
Дрезна,11.3,55.7443143,38.8498479,Московская область,,RU-MOS,Центральный,46457506000,46757000006,5000100100000,70643e37-137c-4e66-a06e-22feb7784740,102105291.0,1
Дубна,75.0,56.741786,37.1757223,Московская область,,RU-MOS,Центральный,46418000000,46718000001,5000000300000,c86ad06c-c721-4a7e-aa06-f622eed83b6f,259236642.0,1
Егорьевск,72.8,55.3830113,39.0358317,Московская область,,RU-MOS,Центральный,46422000000,46722000001,5000003900000,17a3426e-add6-4b2e-b4b1-6f36da02b6ab,257813823.0,1
Жуковский,107.6,55.599803,38.1224298,Московская область,,RU-MOS,Центральный,46425000000,46725000001,5000000500000,fd91f393-4820-437f-a50c-907e9856c374,257549198.0,1
Зарайск,22.8,54.762456,38.8850978,Московская область,,RU-MOS,Центральный,46429000000,46729000001,5000004600000,98e62df9-591a-45af-876e-471060d057aa,258977960.0,1
Звенигород,22.3,55.7297089,36.8554029,Московская область,,RU-MOS,Центральный,46455511000,46755000011,5004200400000,4bae8c68-e107-4352-9d4b-f937f90469ac,257288912.0,1
Ивантеевка,81.3,55.9741665,37.9207539,Московская область,,RU-MOS,Центральный,46432000000,46732000001,5000000700000,e12cf909-779a-4352-af51-7a2a07668f60,256547618.0,1
Истра,33.6,55.9062267,36.8601454,Московская область,,RU-MOS,Центральный,46433000000,46733000001,5004600000000,f05b2b62-f54c-4b44-aff2-6bc3e55a640c,258597656.0,1
Кашира,47.4,54.853337,38.1904392,Московская область,,RU-MOS,Центральный,46435000000,46735000001,5000003800000,45b3f9ac-43cd-4bd0-90af-74cf64ea67f7,257925249.0,1
Клин,79.7,56.3425605,36.7240032,Московская область,,RU-MOS,Центральный,46437000000,46737000001,5004700000000,2365151a-7a78-4af5-a8fb-a4faff856df5,258499178.0,1
Коломна,140.1,55.102814,38.7531002,Московская область,,RU-MOS,Центральный,46438000000,46738000001,5000002700000,b367fb03-29f9-4dac-8d85-01595cfb6ad9,258294997.0,1
Королев,225.9,55.9161773,37.8545415,Московская область,,RU-MOS,Центральный,46434000000,46734000001,5000000900000,819d6910-b4d1-474f-ad10-c1fa944dfca4,259051815.0,1
Котельники,49.0,55.6597925,37.8631156,Московская область,,RU-MOS,Центральный,46444000000,46739000001,5000003200000,67488a01-ccb7-4638-bcad-117db0fbe9a3,258379128.0,1
Красноармейск,26.3,56.105426,38.140838,Московская область,,RU-MOS,Центральный,46443000000,46743000001,5000001000000,bc5d23ce-e886-4dc7-976c-6b8be6d501d2,128188697.0,1
Красногорск,175.6,55.8317203,37.3295266,Московская область,,RU-MOS,Центральный,46439000000,46744000001,5000004900000,63fcf18a-365e-451f-baee-8d09ac50b773,306119973.0,1
Краснозаводск,12.8,56.4409979,38.2320307,Московская область,,RU-MOS,Центральный,46428506000,46728000006,5004100300000,6bec0be0-e5a7-4bf1-907a-9a1dadedc867,256573561.0,1
Краснознаменск,43.2,55.5978959,37.0393709,Московская область,,RU-MOS,Центральный,46505000000,46706000001,5000001100000,6e8a99b2-e6bd-4169-acb3-f7e6cd53be3b,258908656.0,1
Кубинка,20.1,55.5754955,36.6951995,Московская область,,RU-MOS,Центральный,46455516000,46755000016,5004200300000,50341359-842b-4ba1-b7f2-398a7b72f829,256771407.0,1
Куровское,20.6,55.5792277,38.9207723,Московская область,,RU-MOS,Центральный,46457511000,46757000011,5000100200000,9eb64ec8-9b97-465c-8c4d-ae667862dd62,95918482.0,1
Ликино-Дулево,28.8,55.7078257,38.9578093,Московская область,,RU-MOS,Центральный,46457516000,46757000016,5000100300000,4ae832d1-e532-45a2-b8a7-8f29aa0149e9,93610195.0,1
Лобня,90.2,56.0328881,37.4614035,Московская область,,RU-MOS,Центральный,46440000000,46740000001,5000001200000,67c493d4-d141-407e-868b-dafc289503f3,257683804.0,1
Лосино-Петровский,25.4,55.8713214,38.200599,Московская область,,RU-MOS,Центральный,46442000000,46742000001,5000003100000,96c869d9-51a8-4db6-8011-9fc459c9a78c,258600244.0,1
Луховицы,30.4,54.9652077,39.0260266,Московская область,,RU-MOS,Центральный,46447000000,46747000001,5000004800000,7c6d9ebf-8b6a-4435-a174-eb8018f7c598,259031566.0,1
Лыткарино,59.2,55.5778163,37.9033507,Московская область,,RU-MOS,Центральный,46441000000,46741000001,5000001300000,bba16a72-09e1-4f3f-93af-df5ecab6714b,258635313.0,1
Люберцы,205.3,55.7003989,37.9606238,Московская область,,RU-MOS,Центральный,46448000000,46748000001,5000005000000,427b4e19-f221-4abc-8904-81f7409c1ce3,258967918.0,1
Можайск,30.1,55.5069259,36.024043,Московская область,,RU-MOS,Центральный,46445000000,46745000001,5000005600000,4f86a11c-4258-4859-a227-a79c9ef400ff,258331106.0,1
Мытищи,235.5,55.9105782,37.7363579,Московская область,,RU-MOS,Центральный,46446000000,46746000001,5000004400000,5f290be7-14ff-4ccd-8bc8-2871a9ca9d5f,258697320.0,1
Наро-Фоминск,64.9,55.386185,36.734484,Московская область,,RU-MOS,Центральный,46450000000,46750000001,5004800000000,08c78435-6ed8-4d7f-a7ed-3f73e2fa6359,258768837.0,1
Ногинск,104.0,55.8686133,38.4622104,Московская область,,RU-MOS,Центральный,46451000000,46751000001,5004300000000,40ae04e3-9a69-44ea-8bd7-6c6f08e1a4ca,99349104.0,1
Одинцово,135.5,55.6789455,37.263686,Московская область,,RU-MOS,Центральный,46455000000,46755000001,5004200000000,6ae8ad9e-aa6c-4849-92d8-8e637059c9b0,306236943.0,1
Озеры,24.7,54.8541006,38.5599196,Московская область,,RU-MOS,Центральный,46456000000,46756000001,5000004000000,e778b800-b432-4150-82fd-d415911fb700,125740535.0,1
Орехово-Зуево,118.3,55.8151421,38.9869822,Московская область,,RU-MOS,Центральный,46457000000,46757000001,5000100000000,0f2f2d09-8e7a-4356-bd4d-0b055d802e7b,258817977.0,1
Павловский Посад,63.6,55.7807244,38.6596983,Московская область,,RU-MOS,Центральный,46459000000,46759000001,5000004700000,bb464d94-30bf-4cf8-a320-905733fa67e2,102191698.0,1
Пересвет,13.4,56.4158326,38.1733534,Московская область,,RU-MOS,Центральный,46428511000,46728000011,5004100200000,ea80b93f-7a37-455e-a42c-33f13ab8bc06,258611298.0,1
Подольск,308.1,55.4389322,37.5703482,Московская область,,RU-MOS,Центральный,46460000000,46760000001,5000002400000,b22cf685-e391-42c8-aab5-a9aadb9193d4,257316997.0,1
Протвино,35.4,54.8705984,37.2182749,Московская область,,RU-MOS,Центральный,46467000000,46767000001,5000001400000,9990bc45-c7c1-407e-bdd2-5526e4f742d2,255776370.0,1
Пушкино,107.6,56.0103638,37.8471403,Московская область,,RU-MOS,Центральный,46458000000,46758000001,5000006700000,7f22cfa4-34fa-4fa0-bcb0-620cd8402cfa,258747090.0,1
Пущино,20.7,54.8324412,37.6210346,Московская область,,RU-MOS,Центральный,46462000000,46762000001,5000001500000,49579edb-77cd-4967-9ef2-5530c4076067,258308513.0,1
Раменское,121.9,55.5495132,38.2728914,Московская область,,RU-MOS,Центральный,46468000000,46768000001,5000006300000,a54506e0-5641-4d8c-b543-7bcce2c9887f,259062262.0,1
Реутов,108.1,55.7582621,37.8618553,Московская область,,RU-MOS,Центральный,46464000000,46764000001,5000001600000,e0504cf6-4d81-401c-b18b-434457aaaa21,259096825.0,1
Рошаль,20.0,55.6632776,39.8656147,Московская область,,RU-MOS,Центральный,46486506000,46786000006,5004900200000,377ca4f0-3268-42b4-bf68-af98c3682503,119636002.0,1
Руза,12.7,55.7014744,36.1959206,Московская область,,RU-MOS,Центральный,46466000000,46766000001,5000004500000,9e6c2327-d7ee-49b1-b36c-0bfc0eb5f145,258498783.0,1
Сергиев Посад,100.3,56.3062548,38.1502661,Московская область,,RU-MOS,Центральный,46428000000,46728000001,5004100000000,7baaac39-aa31-4712-893d-51ef80124a86,258599668.0,1
Серпухов,126.3,54.9226466,37.4033859,Московская область,,RU-MOS,Центральный,46470000000,46770000001,5000002800000,efc02a6a-273b-4a49-aef9-a5606ef8591c,209786575.0,1
Солнечногорск,50.2,56.185102,36.977631,Московская область,,RU-MOS,Центральный,46471000000,46771000001,5000006500000,d4dadcfd-355d-4fe9-963d-48ad122a7778,258048429.0,1
Старая Купавна,24.2,55.810648,38.175624,Московская область,,RU-MOS,Центральный,46451506000,46751000006,5004300300000,d49d936b-188f-4186-b2db-47e4b36682d6,258467266.0,1
Ступино,65.9,54.886274,38.078228,Московская область,,RU-MOS,Центральный,46476000000,46776000001,5000005400000,f516f0a9-3882-42fb-ae68-87a433e83e06,100917524.0,1
Талдом,12.6,56.7308564,37.5276003,Московская область,,RU-MOS,Центральный,46478000361,46778000001,5000005900000,5f2757f9-6cb1-41a6-9610-ee4f73a2f803,97117116.0,1
Фрязино,59.5,55.9590588,38.0410235,Московская область,,RU-MOS,Центральный,46480000000,46780000001,5000001900000,13696e0e-4c75-49aa-9c83-0a6faf5074ee,258993340.0,1
Химки,259.6,55.888657,37.4303702,Московская область,,RU-MOS,Центральный,46483000000,46783000001,5000003000000,d76255c8-3173-4db5-a39b-badd3ebdf851,257978503.0,1
Хотьково,21.3,56.2516982,37.9396017,Московская область,,RU-MOS,Центральный,46428516000,46728000016,5004100100000,6cdcecfe-4d41-426c-bac4-034348f7068b,258825582.0,1
Черноголовка,21.3,56.0100707,38.3792047,Московская область,,RU-MOS,Центральный,46485000000,46781000001,5000003500000,70c5b1c8-43ec-471f-b3df-fd6f60557332,99309276.0,1
Чехов,72.3,55.1508011,37.4533252,Московская область,,RU-MOS,Центральный,46484000000,46784000001,5000005300000,7eeb876e-7b67-4ed7-91ec-0588712db96c,259217721.0,1
Шатура,32.0,55.5777427,39.5445712,Московская область,,RU-MOS,Центральный,46486000000,46786000001,5004900000000,cd6486b7-fd7a-4da8-b7f3-420d6e16b07b,258616987.0,1
Щелково,126.1,55.9233801,37.9783707,Московская область,,RU-MOS,Центральный,46488000000,46788000001,5000006200000,c38a33c1-8f16-4454-bbf4-656d6b8b1739,259186871.0,1
Электрогорск,22.7,55.8780241,38.7806752,Московская область,,RU-MOS,Центральный,46491000000,46791000001,5000003300000,091e36e6-fab6-477b-8b07-9151cbeb9cd5,259054006.0,1
Электросталь,156.0,55.7847291,38.4447045,Московская область,,RU-MOS,Центральный,46490000000,46790000001,5000002100000,e0b171b6-bf2e-4d68-ab05-4d42ab2b375a,256639877.0,1
Электроугли,21.3,55.7170877,38.2192563,Московская область,,RU-MOS,Центральный,46451511000,46751000011,5004300200000,27fda454-386e-4618-8c08-4e639a0a8bc1,257549125.0,1
Яхрома,14.1,56.2890516,37.4831799,Московская область,,RU-MOS,Центральный,46415506000,46715000006,5004500200000,4e503ad8-0372-4434-888c-f111ed78040c,105800525.0,1
Апатиты,54.7,67.5677761,33.4067929,Мурманская область,,RU-MUR,Северо-Западный,47405000000,47705000001,5100000200000,f0851e80-59d9-400b-b6d5-5f5f623bb29d,99750821.0,1
Гаджиево,13.1,69.2491311,33.315341,Мурманская область,,RU-MUR,Северо-Западный,47529000000,47737000005,5100001200000,b77147ce-b55e-4019-9aca-ed3872b9fbb0,108028769.0,1
Заозерск,9.3,69.4003584,32.4501496,Мурманская область,,RU-MUR,Северо-Западный,47533000000,47733000,5100000300000,81a88076-04de-46c9-940a-3cb300e70e5b,108027042.0,1
Заполярный,14.7,69.4132852,30.7984312,Мурманская область,,RU-MUR,Северо-Западный,47215503000,47515000002,5100500200000,304cb068-e1d1-4947-944f-07c38cd8db6e,115246955.0,1
Кандалакша,30.4,67.1567974,32.4143218,Мурманская область,,RU-MUR,Северо-Западный,47202501000,47608101001,5100100100000,30fa6bcc-608e-40cb-b22a-b202967ff2a6,259676531.0,1
Кировск,26.0,67.6150424,33.663735,Мурманская область,,RU-MUR,Северо-Западный,47412000000,47712000001,5100000500000,f658a2c0-1f7d-4423-9465-e55d3553bf86,259563719.0,1
Ковдор,16.3,67.5661417,30.4741941,Мурманская область,,RU-MUR,Северо-Западный,47203501000,47703000001,5100200100000,01cc7377-a3a7-4793-9c77-52e3ef66a6ff,113688599.0,1
Кола,9.7,68.8786028,33.0262299,Мурманская область,,RU-MUR,Северо-Западный,47205501000,47605101001,5100300100000,866ace16-21ff-49c4-af8d-b74ef0e80208,258981697.0,1
Мончегорск,41.2,67.9386153,32.9359719,Мурманская область,,RU-MUR,Северо-Западный,47415000000,47715000001,5100000600000,177e037d-a06d-4f8a-9333-fd534dd34c5d,99259968.0,1
Мурманск,287.8,69.007721,33.0685865,Мурманская область,,RU-MUR,Северо-Западный,47401000000,47701000001,5100000100000,b7127184-ead6-422b-b7cf-4fc7725b47a5,259051030.0,1
Оленегорск,20.3,68.1422058,33.2669407,Мурманская область,,RU-MUR,Северо-Западный,47417000000,47717000001,5100000700000,c5fe1817-5163-4e3b-b06a-36d322c6bf57,258759550.0,1
Островной,1.7,68.0510344,39.5077846,Мурманская область,,RU-MUR,Северо-Западный,47531000000,47731000,5100000800000,0a358e8a-d3c4-45e5-b9fc-126092afd6f5,116643817.0,1
Полярные Зори,14.2,67.373084,32.4975636,Мурманская область,,RU-MUR,Северо-Западный,47419000000,47719000001,5100000900000,d70b2917-8cea-4555-a9fe-6d2c72d8d9cc,257215770.0,1
Полярный,17.5,69.1989583,33.4508591,Мурманская область,,RU-MUR,Северо-Западный,47525000000,47737000005,5100001000000,a4ae6202-6ec6-4bc6-abc5-4ecd6ca96d53,109991534.0,1
Североморск,53.6,69.0766801,33.4177759,Мурманская область,,RU-MUR,Северо-Западный,47530000000,47730000,5100001100000,53e652bc-dd1b-44e1-9ab2-401b04cf3ceb,109857156.0,1
Снежногорск,12.8,69.1921409,33.2383502,Мурманская область,,RU-MUR,Северо-Западный,47527000000,47737000011,5100001300000,22e4a0a6-68a6-47bc-a08c-11610ec6231a,108548639.0,1
Арзамас,104.0,55.3945814,43.8408141,Нижегородская область,,RU-NIZ,Приволжский,22403000000,22703000001,5200000400000,7e42f157-87d6-4111-a406-17432e814723,258396859.0,1
Балахна,48.5,56.495036,43.5758423,Нижегородская область,,RU-NIZ,Приволжский,22205501000,22505000001,5200400100000,275737a6-dee6-493b-82bb-ca5c3c97b24e,258825527.0,1
Богородск,33.8,56.1020828,43.5135442,Нижегородская область,,RU-NIZ,Приволжский,22207501000,22507000001,5200500100000,17962cbc-48c7-43d4-b174-c35485d114e7,259079574.0,1
Бор,76.9,56.3565458,44.0646481,Нижегородская область,,RU-NIZ,Приволжский,22412000000,22712000001,5200000500000,e736e903-6bc3-450b-b8af-7909213dc9ef,257409618.0,1
Ветлуга,8.3,57.8559204,45.7761957,Нижегородская область,,RU-NIZ,Приволжский,22218501000,22618101001,5201300100000,aa1e00f2-a813-4f3d-b74a-9f9d73bfb1ff,258915458.0,1
Володарск,9.9,56.2169751,43.1596417,Нижегородская область,,RU-NIZ,Приволжский,22231503000,22631103001,5201600100000,b92c9e2b-161d-4043-87ef-ed255529f7c6,257414322.0,1
Ворсма,10.3,55.989943,43.2718859,Нижегородская область,,RU-NIZ,Приволжский,22242503000,22542000003,5203200200000,cd695c84-0b68-4d4c-8068-76e9bba1228a,259052311.0,1
Выкса,53.0,55.3207727,42.1678834,Нижегородская область,,RU-NIZ,Приволжский,22415000000,22715000001,5200000700000,d89942e8-e06b-46bd-a805-7cec8f77417e,257257532.0,1
Горбатов,1.8,56.1307769,43.0626185,Нижегородская область,,RU-NIZ,Приволжский,22242505000,22542000005,5203200300000,9e79f812-d4b6-48d6-97c3-aa94c102de3e,257286445.0,1
Городец,29.7,56.6449218,43.4723104,Нижегородская область,,RU-NIZ,Приволжский,22228501000,22628101001,5202000100000,a80ea6a8-87f3-4621-89bb-eeb16f56ef94,257342765.0,1
Дзержинск,229.0,56.2376047,43.4599416,Нижегородская область,,RU-NIZ,Приволжский,22421000000,22721000001,5200000200000,1d5a97d5-9bdf-44c9-ac42-e201833e7f28,502055.0,1
Заволжье,37.6,56.6404286,43.3872492,Нижегородская область,,RU-NIZ,Приволжский,22228503000,22628103001,5202000200000,b1a903c2-9bdf-4a10-8e4b-e34d7b8d7dc3,257549098.0,1
Княгинино,6.5,55.8205915,45.032337,Нижегородская область,,RU-NIZ,Приволжский,22233501000,22633101001,5202300100000,b3350a67-b3c0-47b2-afb3-2b308227a89e,259085103.0,1
Кстово,67.8,56.1432084,44.1664198,Нижегородская область,,RU-NIZ,Приволжский,22237501000,22637101001,5202700100000,8d72434a-977f-418b-80e0-f37ff75d52e4,258736135.0,1
Кулебаки,31.8,55.4296181,42.5125538,Нижегородская область,,RU-NIZ,Приволжский,22427000000,22727000,5200001000000,a963a64c-29cf-4342-bdc7-d998017aa4cd,258609751.0,1
Лукоянов,13.8,55.0326225,44.4933807,Нижегородская область,,RU-NIZ,Приволжский,22239501000,22639101001,5202900100000,edc07c38-090b-4990-9484-af85752c484f,258736381.0,1
Лысково,21.1,56.0262359,45.035771,Нижегородская область,,RU-NIZ,Приволжский,22240501000,22540000001,5203000100000,978c4d8c-f724-43b1-aa95-0c1fc49dc6b7,259015042.0,1
Навашино,14.6,55.543811,42.1887089,Нижегородская область,,RU-NIZ,Приволжский,22430000000,22730000001,5200001100000,87f58ce7-8bad-4b33-9654-907bbd18d36a,259173928.0,1
Нижний Новгород,1252.2,56.3240627,44.0053913,Нижегородская область,,RU-NIZ,Приволжский,22401000000,22701000001,5200000100000,555e7d61-d9a7-4ba6-9770-6caa8198c483,258311042.0,1
Павлово,56.7,55.9797564,43.0995042,Нижегородская область,,RU-NIZ,Приволжский,22242501000,22542000001,5203200100000,169a49f5-e0ed-44ae-83f8-653e44685e15,258916194.0,1
Первомайск,13.3,54.8675792,43.8013992,Нижегородская область,,RU-NIZ,Приволжский,22434000000,22734000001,5200000800000,a72a0367-92a4-4ec3-9aa2-2397039a3d70,258586334.0,1
Перевоз,8.7,55.5967718,44.5448369,Нижегородская область,,RU-NIZ,Приволжский,22435000000,22739000001,5200001200000,e3ff7ef2-92b6-4ab7-b2ff-4d58cab73dbc,258353122.0,1
Саров,96.1,54.9228268,43.3448089,Нижегородская область,,RU-NIZ,Приволжский,22503000000,22704000,5200000300000,be0210d1-1b58-49c1-8304-eb5ff5618fad,258372215.0,1
Семенов,24.1,56.7889794,44.4902885,Нижегородская область,,RU-NIZ,Приволжский,22437000000,22737000001,5200000600000,dacc69b0-38df-462e-b346-26541cb9c0b8,123697053.0,1
Сергач,19.9,55.5201515,45.4813231,Нижегородская область,,RU-NIZ,Приволжский,22248501000,22648101001,5203800100000,ef4d5a83-c574-48d9-86ec-386f18bec524,258737203.0,1
Урень,12.3,57.4612572,45.7833293,Нижегородская область,,RU-NIZ,Приволжский,22254501000,22554000001,5204500100000,0e7e2d6e-7217-4624-857a-67b2300c0952,302761113.0,1
Чкаловск,11.3,56.7651262,43.242077,Нижегородская область,,RU-NIZ,Приволжский,22442000000,22755000001,5204600100000,46659847-4fed-4981-bdaf-d260874864ee,257477018.0,1
Шахунья,19.7,57.6764293,46.6129009,Нижегородская область,,RU-NIZ,Приволжский,22458000000,22758000001,5200000900000,a5d97e2a-acea-44c0-92d1-1f107fc472cd,736024.0,1
Боровичи,49.0,58.3840197,33.9175929,Новгородская область,,RU-NGR,Северо-Западный,49408000000,49606101001,5300300100000,ae2f372e-7df2-400c-95f9-4b0522567634,259479107.0,1
Валдай,14.0,57.9823766,33.2369436,Новгородская область,,RU-NGR,Северо-Западный,49208501000,49608101001,5300400100000,a9075bb6-f2b2-497f-86e1-fe3d9592c075,259024750.0,1
Великий Новгород,224.9,58.5213846,31.2755394,Новгородская область,,RU-NGR,Северо-Западный,49401000000,49701000001,5300000100000,8d0a05bf-3b8a-43e9-ac26-7ce61d7c4560,259244191.0,1
Малая Вишера,10.3,58.8458379,32.2247401,Новгородская область,,RU-NGR,Северо-Западный,49220501000,49620101001,5300900100000,58fbfb62-6e1e-402d-8c8d-c8ec722f4a5a,97126474.0,1
Окуловка,9.8,58.3910296,33.2901557,Новгородская область,,RU-NGR,Северо-Западный,49228501000,49628101001,5301200100000,b9e66b8f-b027-4e77-8466-55ba3be0b42b,258520417.0,1
Пестово,15.0,58.5973723,35.8143898,Новгородская область,,RU-NGR,Северо-Западный,49232501000,49632101001,5301400100000,4ad123c8-0130-4432-9d6c-e64946f2d647,259383697.0,1
Сольцы,8.5,58.1201281,30.309351,Новгородская область,,RU-NGR,Северо-Западный,49238501000,49538000001,5301600100000,c2f4a34c-80b4-4aea-a45b-d932909cccc0,258868313.0,1
Старая Русса,27.7,57.990737,31.3554897,Новгородская область,,RU-NGR,Северо-Западный,49413000000,49639101001,5301700100000,bc4e8fbc-54dc-4114-9c48-fd7a9b3e2e5c,258557515.0,1
Холм,3.4,57.145108,31.1787499,Новгородская область,,RU-NGR,Северо-Западный,49247501000,49647101001,5301900100000,b12ce6eb-00e8-4d54-b309-14569350f346,258866150.0,1
Чудово,13.9,59.1248394,31.6866241,Новгородская область,,RU-NGR,Северо-Западный,49250501000,49650101001,5302000100000,a084418b-c41f-4086-9009-0adb7e9117bf,258855016.0,1
Болхов,10.9,53.4438496,36.0076833,Орловская область,,RU-ORL,Центральный,54204501000,54604101001,5700200100000,4393f437-1a48-4083-bed9-ad3382fdad16,258643349.0,1
Дмитровск,5.0,52.5054851,35.1415009,Орловская область,,RU-ORL,Центральный,54212501000,54612101001,5700500100000,25748825-cbac-4a45-b3d6-4770c3872478,259298938.0,1
Ливны,47.2,52.4284558,37.6039506,Орловская область,,RU-ORL,Центральный,54405000000,54705000001,5700000200000,aef2c735-2e21-42e5-8638-9667bade6a2b,258484554.0,1
Малоархангельск,3.2,52.4002192,36.5038579,Орловская область,,RU-ORL,Центральный,54232501000,54632101001,5701400100000,2afa3f40-891a-4640-a1cf-af9a5a6d1eb7,154429835.0,1
Мценск,36.6,53.2788438,36.5749105,Орловская область,,RU-ORL,Центральный,54410000000,54710000001,5700000300000,76f2780b-0f1c-4818-98a4-13da5c8a2c80,257219054.0,1
Новосиль,3.1,52.97454,37.0437146,Орловская область,,RU-ORL,Центральный,54243501000,54643101001,5701700100000,5f17239d-7e83-4e7d-afcd-b94e451465c9,259050428.0,1
Орел,308.8,52.9671298,36.0696427,Орловская область,,RU-ORL,Центральный,54401000000,54701000001,5700000100000,2abed4d9-5565-4885-bc96-f4ffccc6cba4,258316880.0,1
Белинский,7.5,52.9640996,43.4183212,Пензенская область,,RU-PNZ,Приволжский,56212501000,56612101,5800500100000,ea57fb75-444f-4f54-b89e-d66ac91774ba,259277738.0,1
Городище,7.7,53.2726916,45.7026142,Пензенская область,,RU-PNZ,Приволжский,56218501000,56618101001,5800800100000,b9d45c36-c679-40bb-8168-7ab78913a2c7,258523756.0,1
Заречный,65.5,53.1960836,45.1689907,Пензенская область,,RU-PNZ,Приволжский,56534000000,56734000001,5800000200000,ff38fc0c-d739-4627-a2f4-58af8f3d9d42,258679091.0,1
Каменка,34.6,53.1855463,44.0469717,Пензенская область,,RU-PNZ,Приволжский,56229501000,56629101001,5801100100000,e5313349-e01d-47a2-b329-b1629c243520,213487183.0,1
Кузнецк,80.5,53.1130888,46.605092,Пензенская область,,RU-PNZ,Приволжский,56405000000,56705000001,5800000300000,b4751488-e03d-416c-9cde-af7465256bfa,258496456.0,1
Нижний Ломов,20.5,53.5300905,43.6730217,Пензенская область,,RU-PNZ,Приволжский,56251501000,56651101001,5802200100000,f852d3a4-5d39-4a1b-be4a-f20ca9c4e60c,259793642.0,1
Никольск,19.6,53.7137496,46.0799857,Пензенская область,,RU-PNZ,Приволжский,56253501000,56653101001,5802300100000,6e26041a-db1c-4f41-93f1-f056ab0b70ef,259349287.0,1
Пенза,520.3,53.1753314,45.0348625,Пензенская область,,RU-PNZ,Приволжский,56401000000,56701000001,5800000100000,ff3292b1-a1d2-47d4-b35b-ac06b50555cc,259154290.0,1
Сердобск,30.9,52.4697595,44.2122414,Пензенская область,,RU-PNZ,Приволжский,56256501000,56656101001,5802500100000,20c2c219-f4a8-4d07-93c9-72bd6766c0b6,259395947.0,1
Спасск,7.0,53.9271974,43.1859073,Пензенская область,,RU-PNZ,Приволжский,56206501000,56606101001,5800300100000,d005a0db-1deb-4728-a800-1e423fa804df,259113681.0,1
Сурск,5.9,53.0761357,45.6910796,Пензенская область,,RU-PNZ,Приволжский,56218508000,56618108001,5800800200000,d8f506c4-a1e4-4524-b997-8651cb6f0af0,101211066.0,1
Великие Луки,90.9,56.332208,30.5508641,Псковская область,,RU-PSK,Северо-Западный,58410000000,58710000001,6000000200000,ca091eae-2c39-4730-b57d-b2fa570f71cb,258854581.0,1
Гдов,3.3,58.7432429,27.8264809,Псковская область,,RU-PSK,Северо-Западный,58208501000,58608101001,6000400100000,cdbe4f8f-1a44-4c99-a3c8-06b501a3ad2e,258651330.0,1
Дно,7.4,57.826974,29.9629389,Псковская область,,RU-PSK,Северо-Западный,58212501000,58612101001,6000600100000,31e4b2e4-ae67-43db-82ea-8728cd5a71c7,138322622.0,1
Невель,14.5,56.0201973,29.9239983,Псковская область,,RU-PSK,Северо-Западный,58220501000,58620101001,6001000100000,6570fdb6-7602-477e-a783-f186456dabfe,258924687.0,1
Новоржев,3.1,57.029807,29.3433083,Псковская область,,RU-PSK,Северо-Западный,58223501000,58623101001,6001100100000,236c48ca-48c9-471f-8891-0b73ea89bc2b,259479101.0,1
Новосокольники,7.0,56.3408431,30.1527573,Псковская область,,RU-PSK,Северо-Западный,58226501000,58626101001,6001200100000,af8fb4a0-5d4e-4e0e-94fc-20021da2f67a,258823928.0,1
Опочка,9.5,56.710725,28.6717519,Псковская область,,RU-PSK,Северо-Западный,58229501000,58629101001,6001300100000,59c2f176-3b63-4086-bc6c-efa246c64a1e,259251828.0,1
Остров,20.5,57.3451528,28.3437593,Псковская область,,RU-PSK,Северо-Западный,58233501000,58633101001,6001400100000,67d379ab-16ac-40d0-95c0-f5f1cbeb578d,258924717.0,1
Печоры,9.3,57.8145817,27.622259,Псковская область,,RU-PSK,Северо-Западный,58240501000,58640101001,6001600100000,8cb44bcc-4e46-409a-972a-b99a59fcc7e9,118983631.0,1
Порхов,8.3,57.7765219,29.5436626,Псковская область,,RU-PSK,Северо-Западный,58247501000,58647101001,6001800100000,c02d55c3-2086-400f-81b7-f1f540f31a87,256843839.0,1
Псков,210.3,57.8194415,28.3317198,Псковская область,,RU-PSK,Северо-Западный,58401000000,58701000001,6000000100000,2858811e-448a-482e-9863-e03bf06bb5d4,258564795.0,1
Пустошка,3.9,56.3374813,29.3668055,Псковская область,,RU-PSK,Северо-Западный,58250501000,58650101001,6001900100000,28a7a368-16ab-4ffc-9b3e-4a4c3e16bf74,258812708.0,1
Пыталово,5.4,57.0637952,27.9236214,Псковская область,,RU-PSK,Северо-Западный,58253501000,58653101001,6002100100000,8cfcdc08-f726-4aff-abfa-b20199b32172,257577367.0,1
Себеж,5.3,56.2908554,28.4724326,Псковская область,,RU-PSK,Северо-Западный,58254501000,58654101001,6002200100000,749fbd77-ddae-408b-8ad8-154a0a22306a,110914783.0,1
Адыгейск,12.7,44.878414,39.190289,Республика Адыгея,,RU-AD,Южный,79403000000,79703000001,100000200000,ccdfd496-8108-4655-aadd-bd228747306d,138061557.0,1
Майкоп,141.5,44.6098268,40.1006606,Республика Адыгея,,RU-AD,Южный,79401000000,79701000001,100000100000,8cfbe842-e803-49ca-9347-1ef90481dd98,259064893.0,1
Буйнакск,65.7,42.8214424,47.1165263,Республика Дагестан,,RU-DA,Северо-Кавказский,82405000000,82705000001,500001000000,fab58303-fb09-422e-aeb7-6fdb5dfe7941,259752342.0,1
Дагестанские Огни,29.7,42.1152296,48.1939354,Республика Дагестан,,RU-DA,Северо-Кавказский,82408000000,82708000001,500000200000,8b4a997b-1e70-402a-a56a-e93c81d0ff20,258271636.0,1
Дербент,125.8,42.058966,48.2907452,Республика Дагестан,,RU-DA,Северо-Кавказский,82410000000,82710000001,500000600000,1bde5cf4-7943-4b17-9718-2c1d96742be5,259187182.0,1
Избербаш,60.5,42.5650962,47.8710051,Республика Дагестан,,RU-DA,Северо-Кавказский,82415000000,82715000001,500000300000,bf14786f-6c0e-4369-8907-57f9d3fd93ac,259006170.0,1
Каспийск,124.0,42.8916007,47.6367066,Республика Дагестан,,RU-DA,Северо-Кавказский,82420000000,82720000001,500000400000,a8695cce-c623-4451-bb47-2d69ab22092a,257505372.0,1
Кизилюрт,37.7,43.203825,46.8729636,Республика Дагестан,,RU-DA,Северо-Кавказский,82425000000,82725000001,500000700000,efc8a6e2-ffab-4d69-a35b-019bfe89745e,259595502.0,1
Кизляр,49.4,43.8484083,46.7233699,Республика Дагестан,,RU-DA,Северо-Кавказский,82430000000,82730000001,500000800000,e18e67f7-e62a-4abe-853c-ffb8e5ab57e1,258635840.0,1
Махачкала,603.5,42.9849159,47.5047181,Республика Дагестан,,RU-DA,Северо-Кавказский,82401000000,82701000001,500000100000,727cdf1e-1b70-4e07-8995-9bf7ca9abefb,259045506.0,1
Хасавюрт,145.1,43.2504665,46.5851292,Республика Дагестан,,RU-DA,Северо-Кавказский,82435000000,82735000001,500000900000,b10ca6a7-e9c0-4382-b939-4787aaf43a58,259557483.0,1
Южно-Сухокумск,10.7,44.6602467,45.6499523,Республика Дагестан,,RU-DA,Северо-Кавказский,82438000000,82738000001,500000500000,733221a2-f789-4dda-a3f4-e41c88b6cfbd,320146754.0,1
Карабулак,42.7,43.3055248,44.9094582,Республика Ингушетия,,RU-IN,Северо-Кавказский,26408000000,26710000001,600000200000,2c33c72e-642b-4a7e-afe5-982f5adf6b17,259126976.0,1
Магас,12.2,43.1688611,44.8131207,Республика Ингушетия,,RU-IN,Северо-Кавказский,26401000000,26701000001,600000100000,c801edb4-aba2-4e1d-9ab2-69fcbf0aeb9c,193406.0,1
Малгобек,38.6,43.5096646,44.5901963,Республика Ингушетия,,RU-IN,Северо-Кавказский,26405000000,26715000001,600000400000,5c318987-0763-4822-9c57-0d55e40fb9d7,296878724.0,1
Назрань,122.3,43.2257841,44.7645779,Республика Ингушетия,,RU-IN,Северо-Кавказский,26406000000,26706000001,600000300000,815566a1-04ea-44a9-b34b-25b70ac9aa9a,259355490.0,1
Сунжа,66.3,43.3204196,45.0476331,Республика Ингушетия,,RU-IN,Северо-Кавказский,26230835001,26720000001,600000500000,0effcc07-1b12-4570-9951-23523c06c858,131957292.0,1
Городовиковск,8.6,46.0875083,41.935537,Республика Калмыкия,,RU-KL,Южный,85205501000,85605101001,800200100000,ae5ed160-39e8-46b7-ac27-d858e7032877,175501451.0,1
Лагань,12.8,45.3930912,47.3432602,Республика Калмыкия,,RU-KL,Южный,85215501000,85615101,800600100000,808f71cf-e9f9-4fe8-ab93-2b6326ebbd8e,101483688.0,1
Элиста,103.1,46.3083344,44.2702088,Республика Калмыкия,,RU-KL,Южный,85401000000,85701000001,800000100000,d5bd18b9-22c1-48e2-9b4a-3b7a4c89a3cb,259729892.0,1
Беломорск,9.2,64.5378417,34.7799462,Республика Карелия,,RU-KR,Северо-Западный,86204501000,86604101001,1000200100000,b4bc7957-5539-4da9-ac5f-d6ee037c0d52,112581912.0,1
Кемь,10.6,64.9543539,34.5949263,Республика Карелия,,RU-KR,Северо-Западный,86212501000,86612101001,1000400100000,e4338e50-dae7-4bd0-8843-ca0db77140d3,259485470.0,1
Кондопога,29.2,62.2059817,34.2682122,Республика Карелия,,RU-KR,Северо-Западный,86215501000,86615101001,1000500100000,ca9f6919-1174-4f35-a932-232fa02a4334,258926118.0,1
Костомукша,29.6,64.5889398,30.6016832,Республика Карелия,,RU-KR,Северо-Западный,86406000000,86706000001,1000000400000,1925075b-8541-4075-97ea-edad0557626e,151220805.0,1
Лахденпохья,7.1,61.518881,30.1996116,Республика Карелия,,RU-KR,Северо-Западный,86218501000,86618101001,1000600100000,5b02bb69-ea4f-482d-b6c3-5bdfea5244d6,258719935.0,1
Медвежьегорск,14.1,62.9127626,34.4568489,Республика Карелия,,RU-KR,Северо-Западный,86224501000,86624101001,1000800100000,fec511c3-62fc-4093-95bd-89f05b26afa6,259622197.0,1
Олонец,8.0,60.9794025,32.9725519,Республика Карелия,,RU-KR,Северо-Западный,86230501000,86630101001,1001000100000,38568ddc-20b7-409f-aa76-024b3b02c637,116010935.0,1
Петрозаводск,281.0,61.7891264,34.3596434,Республика Карелия,,RU-KR,Северо-Западный,86401000000,86701000001,1000000100000,ccc34487-8fd4-4e71-b032-f4e6c82fb354,258699134.0,1
Питкяранта,10.2,61.5757191,31.4640557,Республика Карелия,,RU-KR,Северо-Западный,86233501000,86633101001,1001100100000,284264da-5fb5-4301-b36a-1127d751329d,95616879.0,1
Пудож,8.6,61.8058821,36.5329941,Республика Карелия,,RU-KR,Северо-Западный,86242501000,86642101001,1001300100000,ed96ee68-5ea9-4ebd-950a-2bbbd545b78e,258454628.0,1
Сегежа,26.0,63.7437572,34.3126982,Республика Карелия,,RU-KR,Северо-Западный,86245501000,86645101001,1001400100000,4eb67866-2460-40c3-b69f-80889385caa3,132726600.0,1
Сортавала,18.8,61.703367,30.6916998,Республика Карелия,,RU-KR,Северо-Западный,86410000017,86610101001,1000000700000,7fa96873-4865-4f14-99e4-78d118cdca8b,258883809.0,1
Суоярви,8.7,62.0787293,32.3499386,Республика Карелия,,RU-KR,Северо-Западный,86250501000,86650101001,1001500100000,8a5c4019-f746-4445-8679-cb6740633a78,117861170.0,1
Алупка,8.0,44.4164605,34.0444797,Республика Крым,,UA-43,Южный,35419503000,35729000006,9100000800100,daa6815b-0cf0-44c7-981c-84d72d51f2b1,259738903.0,1
Алушта,30.0,44.6764304,34.4100624,Республика Крым,,UA-43,Южный,35403000000,35703000001,9100001100000,1fb30227-c758-4b1a-814b-eab9c8e7a582,259406531.0,1
Армянск,21.4,46.1059307,33.6910012,Республика Крым,,UA-43,Южный,35405000000,35706000001,9100000200000,2634dc63-5ab7-4b52-81de-ab6745a8eb02,97186459.0,1
Бахчисарай,26.7,44.7514769,33.8752176,Республика Крым,,UA-43,Южный,35204501000,35604101001,9100100100000,bc8c57aa-1f97-4b2a-98ef-fc16bbb0d6cc,259213515.0,1
Белогорск,16.4,45.057202,34.5999029,Республика Крым,,UA-43,Южный,35207501000,35607101001,9100200100000,b8fb5c0b-4de5-4fa4-aa50-e5dc9265116a,259592907.0,1
Джанкой,38.0,45.7092306,34.3883372,Республика Крым,,UA-43,Южный,35407000000,35709000001,9100000600000,84a2685c-0d4b-4d2c-829c-e4a1d5f89620,258949613.0,1
Евпатория,108.2,45.190629,33.367634,Республика Крым,,UA-43,Южный,35409000000,35712000001,9100000900000,e11bab0f-338d-43e0-bfa4-1d3c87759e2a,258234446.0,1
Керчь,151.5,45.3562627,36.4674513,Республика Крым,,UA-43,Южный,35412000000,35715000001,9100000100000,b7b1ef3e-bd1c-4080-80ea-f0580b40281b,259103087.0,1
Красноперекопск,24.9,45.9537576,33.7921939,Республика Крым,,UA-43,Южный,35413000000,35718000001,9100000400000,1df1381d-cef8-4042-a5f8-4c18519d42b0,259193621.0,1
Саки,24.7,45.1341997,33.6033383,Республика Крым,,UA-43,Южный,35414000000,35721000001,9100000300000,afb681bd-4264-40ce-a676-cab8b33c7ca0,258775307.0,1
Симферополь,342.0,44.9482948,34.1001151,Республика Крым,,UA-43,Южный,35401000000,35701000001,9100000700000,b9001e55-72ed-43bf-b7eb-41b86a14380e,259433581.0,1
Старый Крым,9.5,45.029058,35.0901474,Республика Крым,,UA-43,Южный,35216504000,35616104001,9100400100000,3f9914af-d6b7-47bb-9787-a12a6cf5d1d2,259207130.0,1
Судак,16.5,44.8504679,34.9762034,Республика Крым,,UA-43,Южный,35416000000,35723000001,9100000500000,9481ba52-663f-4cac-9ba9-67f168016eab,258769708.0,1
Феодосия,68.0,45.0318393,35.3824259,Республика Крым,,UA-43,Южный,35417000000,35726000001,9100001000000,ddc99126-8c9c-49e0-be2b-e05d2dcdf22e,258858137.0,1
Щелкино,10.2,45.4288991,35.825165,Республика Крым,,UA-43,Южный,35227505000,35627105001,9100700100000,e6010aa6-5f02-4beb-bcd6-d0a31fa6e978,259186153.0,1
Ялта,79.0,44.4953612,34.166308,Республика Крым,,UA-43,Южный,35419500000,35729000001,9100000800000,c64ea472-28c6-4242-968f-0e1a08830f8e,259017796.0,1
Козьмодемьянск,20.1,56.3334036,46.546675,Республика Марий Эл,,RU-ME,Приволжский,88415000000,88715000001,1200000300000,70f9ed24-8b25-4688-857f-a337710d4825,259162976.0,1
Ардатов,8.3,54.8465544,46.2411232,Республика Мордовия,,RU-MO,Приволжский,89203501000,89603101001,1300200100000,edab359e-50ac-422a-9117-78ce44b6f758,257231920.0,1
Инсар,7.7,53.8770022,44.3696566,Республика Мордовия,,RU-MO,Приволжский,89224501000,89624101001,1301000100000,e5473064-cb2e-4da5-aa2b-42599c031705,259086213.0,1
Ковылкино,18.9,54.0391072,43.9191539,Республика Мордовия,,RU-MO,Приволжский,89410000000,89629101001,1300000200000,53445e0f-9d61-4359-9f4f-4983ff7aec34,258233974.0,1
Краснослободск,9.2,54.4248207,43.7845011,Республика Мордовия,,RU-MO,Приволжский,89234501000,89634101001,1301500100000,870f93e7-2c41-45eb-baeb-b78cbcd79288,259199564.0,1
Рузаевка,44.3,54.0581967,44.9490466,Республика Мордовия,,RU-MO,Приволжский,89420000000,89643101001,1300000300000,a35889dd-6958-4d3e-8a65-3f628b9179ed,259030664.0,1
Саранск,320.6,54.1809332,45.1862632,Республика Мордовия,,RU-MO,Приволжский,89401000000,89701000001,1300000100000,1ccfdc3c-be0f-4e42-ab4d-98f90de972d9,258446744.0,1
Темников,5.8,54.6310583,43.2161099,Республика Мордовия,,RU-MO,Приволжский,89249501000,89649101001,1302000100000,7a57dd0c-5b64-480e-8369-3e22261e2bf0,125305805.0,1
Алагир,19.7,43.0417684,44.2199715,Республика Северная Осетия – Алания,,RU-SE,Северо-Кавказский,90205501000,90605101001,1500200100000,e6dcf985-09c1-4ede-ba3d-de714f0a5787,100535234.0,1
Ардон,19.3,43.1755152,44.2955775,Республика Северная Осетия – Алания,,RU-SE,Северо-Кавказский,90210501000,90610101001,1500300100000,fc26547e-11ce-464b-b4f2-96b37df6f23f,98725849.0,1
Беслан,37.4,43.1937529,44.5338707,Республика Северная Осетия – Алания,,RU-SE,Северо-Кавказский,90235501000,90635101001,1500800100000,cbf3eb9d-f86c-4dbb-ba9e-f9f6521b096f,100762904.0,1
Владикавказ,303.6,43.020588,44.6819182,Республика Северная Осетия – Алания,,RU-SE,Северо-Кавказский,90401000000,90701000001,1500000100000,20ea2341-4f49-4c5c-a9dc-a54688c8cc61,259769509.0,1
Дигора,10.1,43.1567628,44.1549483,Республика Северная Осетия – Алания,,RU-SE,Северо-Кавказский,90215501000,90615101001,1500400100000,aa883f13-ea3c-4b7f-9f3c-309a2b38db04,122826426.0,1
Моздок,42.0,43.7471342,44.6569607,Республика Северная Осетия – Алания,,RU-SE,Северо-Кавказский,90230501000,90630101001,1500700100000,654ce513-3c99-414d-88b8-846097cc9ae3,1253429.0,1
Азов,80.4,47.1121589,39.4232555,Ростовская область,,RU-ROS,Южный,60404000000,60704000001,6100001300000,a216cad5-7027-40b8-b1a1-d64abefbd5cd,258763414.0,1
Аксай,46.0,47.2676314,39.8756872,Ростовская область,,RU-ROS,Южный,60202501000,60602101001,6100300100000,9bebf626-3ee7-4e1b-9e91-569c9d402152,258046892.0,1
Батайск,127.9,47.1383299,39.7507179,Ростовская область,,RU-ROS,Южный,60407000000,60707000001,6100000300000,3809afb6-fdfd-4115-9e55-236abf108c81,257884499.0,1
Белая Калитва,39.3,48.1769737,40.8033529,Ростовская область,,RU-ROS,Южный,60206501000,60606101001,6100500100000,2d38257c-c09e-405d-af01-93fc9cd3f6cd,259139051.0,1
Волгодонск,171.4,47.5165338,42.1984951,Ростовская область,,RU-ROS,Южный,60412000000,60712000001,6100000400000,1a453dcd-8885-4999-923b-1bbaa5a1cec4,259132001.0,1
Гуково,63.2,48.0448904,39.9484672,Ростовская область,,RU-ROS,Южный,60415000000,60715000001,6100000500000,eef55456-4d89-4620-b361-d620221ad3a7,256626716.0,1
Донецк,46.7,48.3350706,39.945891,Ростовская область,,RU-ROS,Южный,60417000000,60717000001,6100000600000,8eeb1bf2-9de9-46d5-874f-50344ca9128b,258821619.0,1
Зверево,18.0,48.0435487,40.1265822,Ростовская область,,RU-ROS,Южный,60418000000,60718000001,6100000700000,99f4120c-2af0-4c97-afbc-d17fdf350ba6,256623994.0,1
Зерноград,24.1,46.8495958,40.312837,Ростовская область,,RU-ROS,Южный,60218501000,60618101001,6101300100000,c07d0c34-eadb-4102-bcef-7dd1a3ba27c3,103967277.0,1
Каменск-Шахтинский,87.8,48.3205326,40.2689583,Ростовская область,,RU-ROS,Южный,60419000000,60719000001,6100000800000,76cb0cf6-49a5-4852-b45d-99e4ce12a7ea,258674522.0,1
Константиновск,16.9,47.5773717,41.0967445,Ростовская область,,RU-ROS,Южный,60225501000,60625101001,6101800100000,89de999c-b58a-4d76-94e5-dc6152813b10,259144082.0,1
Красный Сулин,37.6,47.8831311,40.0781298,Ростовская область,,RU-ROS,Южный,60226501000,60626101001,6101900100000,687f3695-dcc4-4591-b8b9-a316f46a459a,259319201.0,1
Миллерово,34.5,48.9260077,40.3984087,Ростовская область,,RU-ROS,Южный,60232501000,60632101001,6102300100000,ac927a82-e1dc-4485-b0e0-59f019b8f295,259396776.0,1
Морозовск,24.6,48.3511807,41.8309225,Ростовская область,,RU-ROS,Южный,60234501000,60634101001,6102500100000,933cca52-9ab1-490e-b674-ec3789233e28,259258906.0,1
Новочеркасск,168.0,47.411919,40.1042098,Ростовская область,,RU-ROS,Южный,60427000000,60727000001,6100000900000,28bafcb3-92b2-445b-9443-a341be73fdb9,258633611.0,1
Новошахтинск,106.6,47.757773,39.9363697,Ростовская область,,RU-ROS,Южный,60430000000,60730000001,6100001000000,bce1a4f2-7576-4427-8bd8-8d8b4e35ad11,258818934.0,1
Пролетарск,18.7,46.7038963,41.727594,Ростовская область,,RU-ROS,Южный,60245501000,60645101001,6103200100000,efa48912-9bcc-42ac-959d-289e9a75b046,122854839.0,1
Ростов-на-Дону,1137.9,47.2224566,39.718803,Ростовская область,,RU-ROS,Южный,60401000000,60701000001,6100000100000,c1cfe4b9-f7c2-423c-abfa-6ed1c05a15c5,258336441.0,1
Сальск,56.8,46.4752095,41.5410415,Ростовская область,,RU-ROS,Южный,60250501000,60650101001,6103500100000,971ba684-f38b-4229-ba72-0d6fe8e179c4,259183434.0,1
Семикаракорск,21.9,47.5177337,40.8114167,Ростовская область,,RU-ROS,Южный,60251501000,60651101001,6103600100000,29b72146-2e5d-4841-a1c3-ce2c3f47aa35,258496972.0,1
Таганрог,248.6,47.2094917,38.9350989,Ростовская область,,RU-ROS,Южный,60437000000,60737000001,6100001100000,d72c95ed-9fdd-4f27-b94f-898fc3f1177d,258104297.0,1
Цимлянск,14.4,47.6477448,42.0931505,Ростовская область,,RU-ROS,Южный,60257501000,60657101001,6104200100000,27095e32-973c-4d07-929a-c46f63076ea8,105118778.0,1
Шахты,230.3,47.7085287,40.2159846,Ростовская область,,RU-ROS,Южный,60440000000,60740000001,6100001200000,dee2e80e-f2e1-4a68-93b0-b7b89b6f3e74,258939056.0,1
Касимов,29.2,54.9373475,41.3913211,Рязанская область,,RU-RYA,Центральный,61405000000,61705000001,6200000400000,5ad034ad-85b5-4106-be01-3d6e8b08cb2c,258935868.0,1
Кораблино,11.1,53.9246659,40.0227745,Рязанская область,,RU-RYA,Центральный,61212501000,61612101001,6200700100000,8ea51b23-4bd6-401a-8e5a-0b3ecaa30081,116644236.0,1
Михайлов,9.9,54.2297402,39.0091481,Рязанская область,,RU-RYA,Центральный,61217501000,61617101001,6200900100000,8afcc513-bb8b-45a9-ac0d-ce8cb43b4c60,257286984.0,1
Новомичуринск,16.5,54.0376572,39.74654,Рязанская область,,RU-RYA,Центральный,61225514000,61625114001,6201200200000,dc0c31cd-e03e-4fc3-a714-1c9f4b61cc7e,258272320.0,1
Рыбное,20.7,54.7256164,39.5134398,Рязанская область,,RU-RYA,Центральный,61227501000,61627101001,6201400100000,91d71d8c-2f1a-43c8-bc84-d78dc4245a1b,258854711.0,1
Ряжск,20.9,53.7067584,40.0522274,Рязанская область,,RU-RYA,Центральный,61230501000,61630101,6201500100000,5fdbcd60-a39f-4e15-94ea-ea2c7faba0ce,259327166.0,1
Рязань,539.3,54.6254445,39.7358609,Рязанская область,,RU-RYA,Центральный,61401000000,61701000001,6200000100000,86e5bae4-ef58-4031-b34f-5e9ff914cd55,257351566.0,1
Сасово,23.8,54.3508885,41.9117422,Рязанская область,,RU-RYA,Центральный,61410000000,61710000001,6200000200000,23c99789-de53-408e-b38d-09c5539cce2f,259350752.0,1
Скопин,25.7,53.823543,39.5492421,Рязанская область,,RU-RYA,Центральный,61415000000,61715000001,6200000300000,1ab7c980-83c4-46c6-b6bf-fc0d6b64b56a,107188334.0,1
Спас-Клепики,5.2,55.1291721,40.1745338,Рязанская область,,RU-RYA,Центральный,61210501000,61610101001,6200600100000,3d67fdec-69f3-461a-bdbc-7455cb849545,112762555.0,1
Спасск-Рязанский,6.6,54.4070719,40.3763426,Рязанская область,,RU-RYA,Центральный,61246501000,61646101001,6202000100000,94484f92-28a1-4880-a723-0af2f4fce2ca,103195001.0,1
Шацк,5.8,54.0287312,41.7181803,Рязанская область,,RU-RYA,Центральный,61256501000,61656101001,6202400100000,04b8181c-124d-495d-b8ef-825518186df9,259467924.0,1
Санкт-Петербург,5384.3,59.9391313,30.3159004,Санкт-Петербург,,RU-SPE,Северо-Западный,40279563000,40356000,78000000000274100,b90101bc-e241-4e8e-a12a-5fae7add0435,324573229.0,1
Аркадак,11.5,51.938831,43.4999221,Саратовская область,,RU-SAR,Приволжский,63203501000,63603101001,6400300100000,9b58edf4-1ee2-43e0-9df9-d93d48a66ad1,137998219.0,1
Аткарск,24.1,51.8736062,45.0003247,Саратовская область,,RU-SAR,Приволжский,63204501000,63604101,6400000300000,6f9e3e0b-3872-4abf-a2ba-23ae4b196a73,157697586.0,1
Балаково,187.5,52.0224231,47.7827765,Саратовская область,,RU-SAR,Приволжский,63207501000,63607101001,6400000400000,45eea4e7-2977-44bb-9b3d-ef8e9198e5d2,259155422.0,1
Балашов,75.8,51.5388697,43.1839757,Саратовская область,,RU-SAR,Приволжский,63208501000,63608101001,6400000500000,574ddbe6-5e16-4e5b-9cf5-5f3be3a8a6c9,259452966.0,1
Вольск,61.9,52.0459865,47.3873595,Саратовская область,,RU-SAR,Приволжский,63211501000,63611101001,6400000600000,83f29047-8dd9-411d-ac4b-c5811ea815f1,258605805.0,1
Ершов,18.8,51.3508505,48.2762226,Саратовская область,,RU-SAR,Приволжский,63217501000,63617101001,6401400100000,2f0ecdcb-c844-4de9-80cc-6d19795ccb3a,257445630.0,1
Калининск,15.6,51.4993591,44.4710435,Саратовская область,,RU-SAR,Приволжский,63221501000,63621101001,6401600100000,634cee3a-db47-4b0f-9b90-8be1d5965db5,259027101.0,1
Красноармейск,22.3,51.023541,45.695044,Саратовская область,,RU-SAR,Приволжский,63222501000,63622101001,6400000700000,64954753-8e36-4948-9372-af3a08e88d57,258710133.0,1
Красный Кут,14.1,50.9598317,46.9712016,Саратовская область,,RU-SAR,Приволжский,63223501000,63623101001,6401800100000,94ff279a-6567-4ac1-8001-42d8fd89605e,104768057.0,1
Маркс,30.0,51.7133337,46.7400339,Саратовская область,,RU-SAR,Приволжский,63226501000,63626101001,6400000800000,c1a0ca30-8b42-4cc8-a16d-2d3392937621,258869556.0,1
Новоузенск,15.1,50.455199,48.1413153,Саратовская область,,RU-SAR,Приволжский,63230501000,63630101001,6402300100000,2d06120f-ba70-4866-b46e-ec2bad9c4f42,126623918.0,1
Петровск,28.2,52.3094237,45.3851877,Саратовская область,,RU-SAR,Приволжский,63235501000,63635101001,6402600700000,b5d97e65-e496-44d0-b025-398a8d43514a,259415046.0,1
Ртищево,38.4,52.2616271,43.7842248,Саратовская область,,RU-SAR,Приволжский,63241501000,63641101001,6400001100000,d08bbea8-4fa3-4597-87ae-0bd79b4a89d2,258714601.0,1
Саратов,838.0,51.533557,46.034257,Саратовская область,,RU-SAR,Приволжский,63401000000,63701000001,6400000100000,bf465fda-7834-47d5-986b-ccdb584a85a6,258735243.0,1
Хвалынск,12.3,52.4951572,48.1045771,Саратовская область,,RU-SAR,Приволжский,63249501000,63649101001,6400001200000,ac586a68-2f14-403e-9ce0-46c01832652d,109050996.0,1
Шиханы,5.4,52.1147391,47.2023118,Саратовская область,,RU-SAR,Приволжский,63448000000,63746000001,6400000200000,6c6b065e-9f1c-4afd-ac61-ff8338972818,257590764.0,1
Энгельс,227.0,51.4854003,46.126722,Саратовская область,,RU-SAR,Приволжский,63250501000,63650101001,6400001300000,c58d0505-54eb-4c34-8216-b14f7cdb0ecb,259203105.0,1
Севастополь,510.0,44.6167013,33.525355,Севастополь,,UA-40,Южный,67000000000,67000000,9200000000000,6fdecb78-893a-4e3f-a5ba-aa062459463b,257834680.0,1
Велиж,6.6,55.6057916,31.1856206,Смоленская область,,RU-SMO,Центральный,66203501000,66603101001,6700200100000,7e0ce062-6798-4091-9b28-d1c30d369a36,259250078.0,1
Вязьма,52.3,55.2116983,34.2951663,Смоленская область,,RU-SMO,Центральный,66205501000,66605101001,6700300100000,d2fa2230-a9f4-4b75-b21e-059026dd6ce5,258653464.0,1
Гагарин,28.9,55.5525228,34.9950502,Смоленская область,,RU-SMO,Центральный,66208501000,66608101001,6700400100000,84f1f1f9-34a5-4a9f-9a0b-a2ce6a0fe242,259270823.0,1
Демидов,6.1,55.2682105,31.5062809,Смоленская область,,RU-SMO,Центральный,66211501000,66611101001,6700600100000,ab27d164-4b35-48ca-95ba-66abb8977a76,258907685.0,1
Десногорск,27.2,54.146457,33.2833222,Смоленская область,,RU-SMO,Центральный,66410000000,66710000001,6700000200000,5e2b3d5b-cd14-4116-8837-8878b5ccc057,257913918.0,1
Дорогобуж,9.4,54.9136959,33.3023162,Смоленская область,,RU-SMO,Центральный,66214501000,66614101001,6700700100000,1c5ce84f-3f65-4b10-ac4d-2b44144cc234,258232020.0,1
Духовщина,3.9,55.1950257,32.401252,Смоленская область,,RU-SMO,Центральный,66216501000,66616101001,6700800100000,ccb8ae0f-9d62-4dec-9ab0-0bbb34cb9def,257927097.0,1
Ельня,8.7,54.5837795,33.1749867,Смоленская область,,RU-SMO,Центральный,66219501000,66619101001,6700900100000,c1e4a479-76a2-4db4-9d24-835d659340a3,257890630.0,1
Починок,8.3,54.406244,32.4398039,Смоленская область,,RU-SMO,Центральный,66233501000,66633101001,6701500100000,323e5d97-d4d9-49b3-91ad-335b165a052a,257889932.0,1
Рославль,48.9,53.9449558,32.8480258,Смоленская область,,RU-SMO,Центральный,66236501000,66636101001,6701600100000,2cbbc92b-0657-4d26-addb-0b2ebaf0c397,257595643.0,1
Рудня,9.5,54.9441093,31.0794806,Смоленская область,,RU-SMO,Центральный,66238501000,66638101001,6701700100000,d0f2d596-2e23-4072-b6c2-7adbb6c77d4b,259046227.0,1
Сафоново,41.1,55.1199661,33.2336988,Смоленская область,,RU-SMO,Центральный,66241501000,66641101001,6701800100000,91fa6249-0711-454a-bf0d-341629234858,258789383.0,1
Смоленск,325.5,54.782635,32.045251,Смоленская область,,RU-SMO,Центральный,66401000000,66701000001,6700000300000,d414a2e8-9e1e-48c1-94a4-7308d5608177,259049580.0,1
Сычевка,8.3,55.8308821,34.2778793,Смоленская область,,RU-SMO,Центральный,66246501000,66646101001,6701900100000,b3522b83-3f83-4145-892f-5767415d82d3,257939310.0,1
Ярцево,42.7,55.0564732,32.6902302,Смоленская область,,RU-SMO,Центральный,66258501000,66658101001,6702500100000,84588847-9e01-42c0-86cc-5ee2c819aeaf,257544094.0,1
Благодарный,30.4,45.0989782,43.4306455,Ставропольский край,,RU-STA,Северо-Кавказский,7210501000,7705000001,2600600100000,0e527607-a1cd-462c-9b85-f33ddea64ad0,141084392.0,1
Буденновск,61.3,44.7816067,44.1650339,Ставропольский край,,RU-STA,Северо-Кавказский,7402000000,7512000001,2600700100000,bcca8fda-282d-4a90-9303-7a37a8197242,259283972.0,1
Георгиевск,66.4,44.1485694,43.4739851,Ставропольский край,,RU-STA,Северо-Кавказский,7407000000,7707000001,2600000900000,ea88bcba-c562-438a-9115-8b32426b0c8e,259551220.0,1
Ессентуки,113.1,44.0446186,42.8588653,Ставропольский край,,RU-STA,Северо-Кавказский,7410000000,7710000001,2600000200000,0ca8280c-89cb-4c81-8a99-ae10a98416bc,259110411.0,1
Железноводск,24.9,44.1320568,43.0306461,Ставропольский край,,RU-STA,Северо-Кавказский,7412000000,7712000001,2600000300000,f231a6e9-5631-44a6-80bf-585e9491165e,259363387.0,1
Зеленокумск,34.1,44.4032668,43.8841877,Ставропольский край,,RU-STA,Северо-Кавказский,7250501000,7735000001,2602300100000,dcfa008b-e058-4be1-a409-18fc2b2e570f,259235146.0,1
Изобильный,37.8,45.3684296,41.708702,Ставропольский край,,RU-STA,Северо-Кавказский,7220501000,7713000001,2601000100000,82d67979-76e6-4c48-b5b0-18c0b969114c,259779464.0,1
Ипатово,23.2,45.7181751,42.8970206,Ставропольский край,,RU-STA,Северо-Кавказский,7222501000,7714000001,2601100100000,589a16ac-fb2e-46f9-b59a-98c18d34d908,133357508.0,1
Кисловодск,128.8,43.9052044,42.7168721,Ставропольский край,,RU-STA,Северо-Кавказский,7415000000,7715000001,2600000400000,82551e9e-14a4-4414-ad60-6cc944763ff3,302746091.0,1
Лермонтов,22.9,44.1054107,42.973135,Ставропольский край,,RU-STA,Северо-Кавказский,7418000000,7718000001,2600000500000,3808db7f-f793-40d0-ad74-691c158bc2de,259639939.0,1
Минеральные Воды,73.9,44.2087273,43.138408,Ставропольский край,,RU-STA,Северо-Кавказский,7421000000,7721000001,2601700200000,0be84f75-bbb5-4471-9d0c-dfa932f5df7d,259140279.0,1
Михайловск,95.7,45.1297323,42.0288443,Ставропольский край,,RU-STA,Северо-Кавказский,7258501000,7558000001,2602700100000,51007e5c-e430-4f18-912c-f88c7e73698d,259231255.0,1
Невинномысск,116.7,44.6226031,41.9476723,Ставропольский край,,RU-STA,Северо-Кавказский,7424000000,7724000001,2600000600000,ff894fb7-acb4-4edf-bb48-c5349d89579b,259569555.0,1
Нефтекумск,24.4,44.7544552,44.9865347,Ставропольский край,,RU-STA,Северо-Кавказский,7241501000,7725000001,2601800100000,47a5b97a-5cc1-4fa4-893f-0041590dd823,133467117.0,1
Новоалександровск,26.5,45.4932733,41.2153996,Ставропольский край,,RU-STA,Северо-Кавказский,7243501000,7726000001,2601900100000,a0194045-d9a6-4593-9502-133cae983a3f,121154640.0,1
Новопавловск,26.1,43.9617097,43.6342865,Ставропольский край,,RU-STA,Северо-Кавказский,7225501000,7716000001,2601200100000,d72c4e6c-59e6-4c02-9372-61f980f79cbd,100060691.0,1
Пятигорск,147.9,44.041091,43.0661553,Ставропольский край,,RU-STA,Северо-Кавказский,7427000000,7727000001,2600000700000,9b0efbd0-22bb-400d-86db-ddc69b9939d9,257567300.0,1
Светлоград,35.4,45.328659,42.8565714,Ставропольский край,,RU-STA,Северо-Кавказский,7246501000,7731000001,2602100100000,019979ae-6056-4ed8-98ef-48bded318dd2,133753199.0,1
Ставрополь,450.7,45.044516,41.9689655,Ставропольский край,,RU-STA,Северо-Кавказский,7401000000,7701000001,2600000100000,2a1c7bdb-05ea-492f-9e1c-b3999f79dcbc,259482311.0,1
Жердевка,14.0,51.8422192,41.4617687,Тамбовская область,,RU-TAM,Центральный,68204501000,68604101001,6800400100000,97034a8c-c36f-4e7b-880b-436ce8fec1be,258331220.0,1
Кирсанов,16.1,52.6506335,42.7286445,Тамбовская область,,RU-TAM,Центральный,68405000000,68705000001,6800000500000,24694c2c-bab5-4fc7-9666-5ad984536465,258705997.0,1
Котовск,28.9,52.5924489,41.5101237,Тамбовская область,,RU-TAM,Центральный,68410000000,68710000001,6800000200000,1cc2ab3c-1791-4771-b332-d2d96f52788e,258847578.0,1
Мичуринск,90.7,52.8912389,40.5104443,Тамбовская область,,RU-TAM,Центральный,68415000000,68715000,6800000600000,9bacca6d-4ed5-4fae-a76d-d281ce884d04,259271610.0,1
Моршанск,38.0,53.4436216,41.8115478,Тамбовская область,,RU-TAM,Центральный,68420000000,68720000001,6800000300000,88bf324d-7303-45c3-ba7f-695f2528490b,258997173.0,1
Рассказово,42.7,52.6538833,41.874285,Тамбовская область,,RU-TAM,Центральный,68425000000,68725000001,6800000700000,f3d1ea5a-4478-4589-bec0-47c558577739,257321735.0,1
Тамбов,292.1,52.7213154,41.452264,Тамбовская область,,RU-TAM,Центральный,68401000000,68701000001,6800000400000,ea2a1270-1e19-4224-b1a0-4228b9de3c7a,258858513.0,1
Уварово,23.1,51.9767841,42.2529799,Тамбовская область,,RU-TAM,Центральный,68430000000,68730000001,6800000800000,5a54fa19-c17f-40a8-9d81-0fc826cba781,258447384.0,1
Андреаполь,6.8,56.6506724,32.2620163,Тверская область,,RU-TVE,Центральный,28202501000,28502000001,6900001000000,0c193436-6308-407a-afbb-973a8c075630,257896598.0,1
Бежецк,20.4,57.7860089,36.6904983,Тверская область,,RU-TVE,Центральный,28405000000,28604101001,6900300100000,a8a1798c-3aa9-4716-82a1-51ec18e23c04,259165233.0,1
Белый,3.1,55.8339056,32.9389741,Тверская область,,RU-TVE,Центральный,28206501000,28606101001,6900400100000,e429f385-b7f5-41be-8c7f-3b8ce47f00b2,258012295.0,1
Бологое,20.5,57.8855767,34.0537771,Тверская область,,RU-TVE,Центральный,28408000000,28608101001,6900500100000,01fecded-f136-4c58-986b-2eef124c8290,258315074.0,1
Весьегонск,6.0,58.6582598,37.2567558,Тверская область,,RU-TVE,Центральный,28210501000,28510000001,6900001100000,1e4608bf-7b7d-41a8-b6e3-78010ee9ce80,104433866.0,1
Вышний Волочек,45.5,57.568302,34.5404016,Тверская область,,RU-TVE,Центральный,28414000000,28714000001,6900000600000,ac45dd91-33c1-4689-a48c-226c75dc752d,258117570.0,1
Западная Двина,7.8,56.2566492,32.0805315,Тверская область,,RU-TVE,Центральный,28216501000,28516000001,6900001300000,89a1b73c-6058-49e0-bdba-e7f10c2342dd,259104630.0,1
Зубцов,6.1,56.1760868,34.5825515,Тверская область,,RU-TVE,Центральный,28218501000,28618101001,6901000100000,7f0cc277-4994-4c14-abe9-bbb776a8bcfc,258012270.0,1
Калязин,12.3,57.2579478,37.7819693,Тверская область,,RU-TVE,Центральный,28222501000,28622101001,6901100100000,fe762e07-f90b-4758-9816-54112f02740e,257149507.0,1
Кашин,13.8,57.360194,37.6119436,Тверская область,,RU-TVE,Центральный,28420000000,28758000001,6900000900000,d0c58ce3-d21c-441f-be50-92de7f5bcc83,258969865.0,1
Кимры,43.2,56.8733213,37.3556605,Тверская область,,RU-TVE,Центральный,28426000000,28726000001,6900000500000,2c02d3e2-f65d-4d7f-b1a3-ffe55d2d4508,258301022.0,1
Конаково,36.5,56.7275204,36.8012716,Тверская область,,RU-TVE,Центральный,28430000000,28630101001,6901500100000,8f171e04-35f6-4c4d-bd95-97a5601b0d71,258637108.0,1
Красный Холм,5.0,58.0571446,37.1126156,Тверская область,,RU-TVE,Центральный,28232501000,28532000001,6900001200000,b62cf2b9-b222-434b-89ea-19e58c73b406,259251988.0,1
Кувшиново,8.9,57.0265168,34.1676009,Тверская область,,RU-TVE,Центральный,28234501000,28634101001,6901700100000,1370dc6a-9c3c-428b-b8ff-17fe39ee7654,258943158.0,1
Лихославль,11.4,57.1221304,35.4667605,Тверская область,,RU-TVE,Центральный,28238501000,28638101001,6901900100000,65ff289f-75f8-4a63-8d7a-7126496de247,259235154.0,1
Нелидово,18.1,56.2232566,32.7767459,Тверская область,,RU-TVE,Центральный,28435000000,28759000001,6900000400000,a38751f3-98fe-4d8d-b9bc-2a4705b887ec,259187217.0,1
Осташков,15.4,57.1456744,33.1115372,Тверская область,,RU-TVE,Центральный,28440000000,28752000001,6900000800000,bfe4c46e-0487-48ba-aea3-be0d909fca67,258688167.0,1
Ржев,57.5,56.262881,34.3291002,Тверская область,,RU-TVE,Центральный,28445000000,28745000001,6900000300000,2553804d-14b9-4f5b-8bd0-25c0fc7315ae,258671101.0,1
Старица,7.4,56.514876,34.9336396,Тверская область,,RU-TVE,Центральный,28253501000,28653101001,6903200100000,44d646fd-0ad2-49d7-ad37-41aacd6f1aee,258718511.0,1
Тверь,425.1,56.8586059,35.9116761,Тверская область,,RU-TVE,Центральный,28401000000,28701000001,6900000100000,c52ea942-555e-45c6-9751-58897717b02f,258968697.0,1
Торжок,44.4,57.04133,34.9602344,Тверская область,,RU-TVE,Центральный,28450000000,28750000001,6900000200000,4b7047b6-a656-48e7-a247-1433d4a7fb82,258818598.0,1
Торопец,11.8,56.5012188,31.6355466,Тверская область,,RU-TVE,Центральный,28255501000,28655101001,6903400100000,7e35bc70-aa2f-4be7-b34f-8a9c18d48b76,258915619.0,1
Удомля,27.2,57.8787314,35.0167348,Тверская область,,RU-TVE,Центральный,28455000000,28751000001,6900000700000,5bbf246a-6ff4-4050-9ea6-6d0b0a746651,259472782.0,1
Алексин,57.5,54.5083349,37.0478067,Тульская область,,RU-TUL,Центральный,70202501000,70706000001,7100200100000,b9688874-4981-4b22-a930-2521c04beb3c,258945650.0,1
Белев,12.6,53.8114179,36.1382247,Тульская область,,RU-TUL,Центральный,70206501000,70606101001,7100400100000,a9d553c1-2d2e-422a-afba-96b3b34755e1,104190492.0,1
Богородицк,30.4,53.7701014,38.1225152,Тульская область,,RU-TUL,Центральный,70208501000,70608101001,7100500100000,e80009cb-c8c9-4dda-90cb-082b6e0d5d8c,103021696.0,1
Болохово,8.8,54.0820349,37.826724,Тульская область,,RU-TUL,Центральный,70228508000,70628108001,7101400200000,0e4f8d4e-bc37-4c6e-b46f-a448a0bcb84a,124643433.0,1
Венев,13.9,54.3542315,38.2642236,Тульская область,,RU-TUL,Центральный,70212501000,70612101001,7100600100000,6fef4448-fd64-4669-8f49-866718b3ec5c,258970089.0,1
Донской,62.6,53.9678944,38.3371824,Тульская область,,RU-TUL,Центральный,70412000000,70712000001,7100000200000,dc8fbc8d-da2e-4bbb-a55c-94446fa7ad77,259262232.0,1
Ефремов,34.4,53.1464766,38.0921657,Тульская область,,RU-TUL,Центральный,70220501000,70714000001,7101000100000,a6fad096-bd8a-49b8-ad26-78d892c208fd,185872618.0,1
Кимовск,25.6,53.9698378,38.5380808,Тульская область,,RU-TUL,Центральный,70226501000,70626101001,7101300100000,1b04dfd7-7752-4c40-ae60-9fae9cb95237,103436146.0,1
Киреевск,26.3,53.9319555,37.9220351,Тульская область,,RU-TUL,Центральный,70228501000,70628101001,7101400100000,7cf29293-e9ab-4c7a-98ec-30d0c48ea104,259430111.0,1
Липки,8.1,53.9417551,37.7020148,Тульская область,,RU-TUL,Центральный,70228513000,70628113001,7101400300000,ff4e0e65-f17d-4ba6-832d-d1bd12859e00,107036428.0,1
Новомосковск,122.3,54.0109075,38.2914024,Тульская область,,RU-TUL,Центральный,70234501000,70724000001,7101700100000,0b6e326e-74ca-4e24-93d4-2c385c292bb5,258480891.0,1
Плавск,15.7,53.7096415,37.2862352,Тульская область,,RU-TUL,Центральный,70238501000,70638101001,7101900100000,3381114c-df5f-4966-8e74-b2e63d1e71bb,104381201.0,1
Советск,7.3,53.9338874,37.6316141,Тульская область,,RU-TUL,Центральный,70248504000,70648104001,7102400200000,20bde9d4-4295-417f-beba-6210f2e6b5d9,258013587.0,1
Суворов,17.2,54.1343585,36.4807419,Тульская область,,RU-TUL,Центральный,70240501000,70640101001,7102000100000,3e63d801-f22b-4ad2-bca2-29f73b0388dc,135680661.0,1
Тула,475.2,54.1920559,37.6153842,Тульская область,,RU-TUL,Центральный,70401000000,70701000001,7100000100000,b2601b18-6da2-4789-9fbe-800dde06a2bb,258802672.0,1
Узловая,49.7,53.9730452,38.1763201,Тульская область,,RU-TUL,Центральный,70244501000,70644101001,7102200100000,d3f84234-d9f9-4bd9-ae29-459fb22c5433,258750481.0,1
Чекалин,0.9,54.0984438,36.2474142,Тульская область,,RU-TUL,Центральный,70240508000,70640108001,7102000200000,de83a84d-6526-46dc-9501-82a4542e5abb,104892148.0,1
Щекино,57.1,54.0020652,37.5176288,Тульская область,,RU-TUL,Центральный,70248501000,70648101001,7102400100000,2711a4bb-c464-405f-8b8b-cac284c9ae72,257596791.0,1
Ясногорск,15.4,54.4795484,37.6896048,Тульская область,,RU-TUL,Центральный,70250501000,70650101001,7102500100000,87c99d23-260a-4a6e-8f69-f8a3dc131c3b,257671757.0,1
Барыш,15.5,53.6533992,47.1181134,Ульяновская область,,RU-ULY,Приволжский,73204501000,73604101001,7300300100000,52cccd1a-84fd-448a-a91e-36f113b9946f,259480132.0,1
Инза,17.2,53.8549647,46.3533459,Ульяновская область,,RU-ULY,Приволжский,73210501000,73610101001,7300500100000,a23672b1-86cf-4b07-b1a1-cf0b58e7419b,135645155.0,1
Аргун,39.3,43.2916774,45.8723105,Чеченская Республика,,RU-CE,Северо-Кавказский,96402000000,96702000,2000000200000,3672454d-2697-4ce1-9666-cc9c744ba5c5,116785788.0,1
Грозный,305.9,43.3180145,45.698291,Чеченская Республика,,RU-CE,Северо-Кавказский,96401360000,96701000001,2000000100000,a2072dc5-45be-4db3-ab13-10784ba8b2ae,257044779.0,1
Гудермес,55.9,43.3519142,46.1035645,Чеченская Республика,,RU-CE,Северо-Кавказский,96404000000,96610101001,2000500100000,ab370c6d-8fd0-4e6b-9491-d83daaa829c9,116525544.0,1
Курчалой,26.6,43.2046547,46.0889364,Чеченская Республика,,RU-CE,Северо-Кавказский,96212501000,96612101001,2000600100000,37464bf9-053a-4c84-bc16-b9f202749794,152385332.0,1
Урус-Мартан,62.7,43.120175,45.539276,Чеченская Республика,,RU-CE,Северо-Кавказский,96234501000,96634101001,2001000000100,eb208b95-1f50-4290-a9c9-46909aea49a0,116786235.0,1
Шали,55.1,43.1488691,45.9009629,Чеченская Республика,,RU-CE,Северо-Кавказский,96237501000,96637101001,2001200100000,f206e5a7-d074-44cf-a0f3-a9ca855969d2,118900879.0,1
Алатырь,33.8,54.8397989,46.5721997,Чувашская Республика,,RU-CU,Приволжский,97404000000,97704000001,2100002200000,a699e866-12f0-42c3-94fd-67ca44468805,258337681.0,1
Канаш,44.8,55.507,47.4918273,Чувашская Республика,,RU-CU,Приволжский,97407000000,97707000001,2100002300000,6edd2a33-d03a-4d59-83c3-e14de6890a49,259238708.0,1
Новочебоксарск,127.2,56.1094977,47.4791113,Чувашская Республика,,RU-CU,Приволжский,97410000000,97710000001,2100002400000,32599307-3fe7-4cf4-8fee-640044422d68,259274727.0,1
Цивильск,15.0,55.8650213,47.4729349,Чувашская Республика,,RU-CU,Приволжский,97241501000,97641101001,2101600100000,927d7cf4-f2e6-4617-9cf6-e73edf9fd9ad,258704223.0,1
Чебоксары,497.6,56.1438298,47.2489782,Чувашская Республика,,RU-CU,Приволжский,97401000000,97701000001,2100000100000,dd8caeab-c685-4f2a-bf5f-550aca1bbc48,326297174.0,1
Шумерля,28.4,55.4962415,46.4182681,Чувашская Республика,,RU-CU,Приволжский,97413000000,97713000001,2100002500000,068dfc2d-3a52-4d7f-93bc-797c286e66ac,258987354.0,1
Ядрин,8.2,55.9406974,46.2020896,Чувашская Республика,,RU-CU,Приволжский,97253501000,97653101001,2102000100000,49bf68fa-6f47-4281-9c0f-b2ff8fa96cf6,297778131.0,1
Гаврилов-Ям,16.5,57.3091058,39.8546444,Ярославская область,,RU-YAR,Центральный,78212501000,78612101001,7600500100000,b94f9367-389f-4825-a837-d6af47171ed8,259469052.0,1
Данилов,14.5,58.1860098,40.1795067,Ярославская область,,RU-YAR,Центральный,78215501000,78615101001,7600600100000,28068176-9b2e-4333-a320-9b748b98b9d3,259052336.0,1
Любим,5.0,58.3620228,40.686841,Ярославская область,,RU-YAR,Центральный,78218501000,78618101001,7600700100000,f81f98ae-4e55-4fc3-8968-6ac6f1118c69,257932185.0,1
Мышкин,5.5,57.7881684,38.4544224,Ярославская область,,RU-YAR,Центральный,78221501000,78621101001,7600800100000,e5b1d3f2-b34d-48f7-8b23-1109114de8aa,259481588.0,1
Переславль-Залесский,37.9,56.7360544,38.8543617,Ярославская область,,RU-YAR,Центральный,78405000000,78705000001,7600000200000,f147ed70-422e-40d0-9088-810f7b57ed59,259161382.0,1
Пошехонье,5.7,58.5062879,39.1208434,Ярославская область,,RU-YAR,Центральный,78234501000,78634101,7601300100000,d1bfddc3-1c78-40af-aeb0-c724ed7a9b4f,258914645.0,1
Ростов,30.5,57.2051315,39.4378622,Ярославская область,,RU-YAR,Центральный,78410000000,78637101001,7601400100000,ab242d02-4d6c-4a1a-a9ce-ed9db691fc31,259056467.0,1
Рыбинск,184.6,58.0485495,38.8584119,Ярославская область,,RU-YAR,Центральный,78415000000,78715000001,7601500100000,292c0a6a-47ce-435d-8a75-f80e9ce67fba,258807280.0,1
Тутаев,39.8,57.8674993,39.5369627,Ярославская область,,RU-YAR,Центральный,78417000000,78643101001,7601600100000,55aa704c-ff9b-45e6-9493-eb10890e2824,259241767.0,1
Углич,31.8,57.5224249,38.3020044,Ярославская область,,RU-YAR,Центральный,78420000000,78646101001,7601700100000,bddb02e3-ce5b-4128-8433-b4ad228914b9,257920676.0,1
Ярославль,608.4,57.6215477,39.8977411,Ярославская область,,RU-YAR,Центральный,78401000000,78701000001,7600000100000,6b1bab7d-ee45-4168-a2a6-4ce2880d90d3,258977290.0,1
